"Serial Number","Part Number","Part Name English","Part Name Language 1","Part Name Language 2","Part Name Language 3","Part Name Language 4","Part Name Language 5","Part Number in Other Format","Reference Number","Additional Information","Extra Data"
"1","X530108146000","INTERNAL RETAINING RING","ANNEAU D\'ARRET POUR ALESAGE","INNENHALTERING","ANELLO DI SICUREZZA INTERNO","ANILLO DE RETENCION INTERNO","PIER\xc5\x9aCIE\xc5\x83 USTALAJ\xc4\x84CY WEWN\xc4\x98TRZNY","X530.108.146.000","72311106","DIN472 - 90X3","-"
"2","139100150130","SHIM RING","ANNEAU ENTRETOISE","UNTERLEGRING","DISCO SPESSORE","ANILLO DE CALCE","PIER\xc5\x9aCIE\xc5\x83 REGULACYJNY","139.100.150.130","72316227","0,10 MM","139100150131___139.100.150.131___72316228___0,15 MM___139100150132___139.100.150.132___72316229___0,25 MM___139100150133___139.100.150.133___72316230___0,30 MM___139100150134___139.100.150.134___72316231___0,80 MM"
"3","X548967266000","O-RING","JOINT TORIQUE","GIUNTO DI TENUTA","JUNTA TOROIDAL","X548.967.266.000","72313499","82,14X3,53-NBR 70 FWN56402","-","-","-"
"4","178100010020","SEALING COVER","CACHE ETANCHE","DICHTDECKEL","COPERTURA TENUTA","CUBIERTA SELLANTE","POKRYWA USZCZELNIAJ\xc4\x84CA","178.100.010.020","72393065","-","-"
"5","X550081705000","SHAFT SEAL","JOINT D\'ARBRE","WELLENDICHTUNG","TENUTA ALBERO","SELLO DE EJE","USZCZELNIENIE WA\xc5\x81U","X550.081.705.000","72430070","FWN65500-DGS40X56X8/10WDF02","-"
"6","X619049041009","TAPER ROLLER BEARING","PALIER A ROULEMENT CONIQUE","KEGELROLLENLAGER","CUSCINETTO A RULLI CONICI","RODAMIENTO DE RODILLOS CONICO","\xc5\x81O\xc5\xbbYSKO ROLKOWE STO\xc5\xbbKOWE","X619.049.041.009","72317208","DIN 720","-"
"7","H238104010040","DIFFERENTIAL LOCK","VERROUILLAGE DIFFERENTIEL","DIFFERENTIAL SPERRE","BLOCCO DIFFERENZIALE","BLOQUEO DEL DIFERENCIAL","BLOKADA MECHANIZMU R\xc3\x93\xc5\xbbNICOWEGO","H238.104.010.040","72359217","-","-"
"8","X487535406000","HEXAGONAL HEAD BOLT","VIS A T\xc3\x8aTE HEXAGONALE","SECHSKANTSCHRAUBE","VITE A TESTA ESAGONALE","TORNILLO DE CABEZA HEXAGONAL","\xc5\x9aRUBA SZE\xc5\x9aCIOK\xc4\x84TNA","X487.535.406.000","72374463","DIN 933 M12X25 GWA-10.9","-"
"9","278110011030","BEARING FLANGE","FLASQUE ROULEMENT","LAGERFLANSCH","FLANGIA DEL CUSCINETTO","BRIDA DE COJINETE","KRYZA \xc5\x81O\xc5\xbbYSKA","278.110.011.030","72403994","-","-"
"10","514100010130","DISC","DISQUE","SCHEIBE","DISCO","TARCZA","514.100.010.130","72317260","-","-","-"
"11","278110011050","DIFFERENTIAL SIDE GEAR","ENGRENAGE LAT\xc3\x89RAL DE DIFF\xc3\x89RENTIEL","ACHSKEGELRAD","INGRANAGGIO SATELLITE DIFFERENZIALE","ENGRANAJE LATERAL DIFERENCIAL","KO\xc5\x81O Z\xc4\x98BATE BOCZNE MECHANIZMU R\xc3\x93\xc5\xbbNIC.","278.110.011.050","72403996","*22\n<-- U148.100.110  1X","SERBLK"
"12","278110011040","278.110.011.040","72403995","-","-","-","-","-","-","-","-"
"13","178100010040","CROSS BEARING","PALIER TRANSVERSAL","KREUZLAGER","CUSCINETTO CROCIERA","RODAMIENTO TRANSVERSAL","\xc5\x81O\xc5\xbbYSKO POPRZECZNE","178.100.010.040","72316723","-","-"
"14","199100010020","AXLE","ESSIEU","ACHSE","ASSALE","EJE","O\xc5\x9a","199.100.010.020","72310138","-","-"
"15","278110011120","DIFFERENTIAL PINION","PIGNON DE DIFF\xc3\x89RENTIEL","AUSGLEICHSKEGELRAD","PIGNONE DIFFERENZIALE","PINON DEL DIFERENCIAL","Z\xc4\x98BNIK MECHANIZMU R\xc3\x93\xc5\xbbNICOWEGO","278.110.011.120","72312406","*11\n<-- U148.100.110  1X","-"
"16","514100010100","514.100.010.100","72317257","1,0 MM","514100010110","514.100.010.110","72317258","1,2 MM","514100010120","514.100.010.120","72317259___1,5 MM"
"17","X500621846000","TENSIONING PIN","BROCHE DE TENSIONNEMENT","SPANNSTIFT","PERNO TENSIONE","PERNO TENSOR","TRZPIE\xc5\x83 ROZPR\xc4\x98\xc5\xbbNY","X500.621.846.000","72313811","ISO8752 5X30-ST VDA42","-"
"18","X500610446000","X500.610.446.000","72313798","ISO8752-3X30-A-ST-OB3 FWN10256","-","-","-","-","-","-","-"
"19","210103011040","210.103.011.040","72435674","-","-","-","-","-","-","-","-"
"20","SIEHE WECHSELGETRIEBE","SEE GEAR BOX (CHANGE-SPEED)","VER CAJA DE CAMBIOS","VOIR BOITE DE VITESSE","VEDI CAMBIO","PATRZ SKRZYNIA BIEG\xc3\x93W (ZMIANA BIEG\xc3\x93W)","-","-","-","-","-"
"21","168109010010","DIFFERENTIAL HOUSING","CARTER DE DIFF\xc3\x89RENTIEL","DIFFERENTIALGEH\xc3\x84USE","SCATOLA DIFFERENZIALE","ALOJAMIENTO DIFERENCIAL","OBUDOWA MECHANIZMU R\xc3\x93\xc5\xbbNICOWEGO","168.109.010.010","72392781","-","-"
"22","-","-","-","-","-","-","-","-","-","-","-"
"23","X623138320000","X623.138.320.000","72378806","-","-","-","-","-","-","-","-"
"24","-","-","-","-","-","-","-","-","-","-","-"
"25","178100010050","KEYED WASHER","RONDELLE CLAVET\xc3\x89E","EINSTELLSCHEIBE","RONDELLA MASCHIATA","ARANDELA ENCHAVETADA","PODK\xc5\x81ADKA Z WYPUSTEM","178.100.010.050","72393067","178100010051","178.100.010.051___72393068___178100010052___178.100.010.052___72393069___0,20 MM___178100010053___178.100.010.053___72393070"
"26","X549284566000","X549.284.566.000","72376717","101X3-NBR 70 FWN56402","-","-","-","-","-","-","-"
"27","205100011091","BEARING CAP","CHAPEAU DE PALIER","LAGERKAPPE","CAPPELLO DEL SUPPORTO","TAPA DE COJINETE","POKRYWA \xc5\x81O\xc5\xbbYSKA","205.100.011.091","72397528","-","-"
"28","X487531806000","X487.531.806.000","72315688","M10 X 35 CL10.9","-","-","-","-","-","-","-"
"29","X493613205000","SOCKET HEAD BOLT","BOULON \xc3\x80 T\xc3\x8aTE CREUSE","ZYLINDERSCHRAUBE","BULLONE CON TESTA A BRUGOLA","PERNO DE CABEZA HEXAGONAL","\xc5\x9aRUBA IMBUSOWA","X493.613.205.000","72315778","33","258100010080___SHIFT FORK___FOURCHETTE DE D\xc3\x89BRAYAGE___SCHALTGABEL___FORCHETTA DEL CAMBIO___HORQUILLA EMBRAGUE___WIDE\xc5\x81KI WYBIERAKA___258.100.010.080___72401949___<>34\n<>___X418852204000___DOWEL PIN___TENON DE GUIDAGE___PASSSTIFT___SPINA DI CENTRAGGIO___PASADOR DE ESPIGA___KO\xc5\x81EK USTALAJ\xc4\x84CY___X418.852.204.000___72372672___DIN 1474-8X20-ST___34___35___238104010240___SLIDING MEMBER___DISPOSITIF DE GLISSAGE___GLEITSTEIN___MEMBRO SCORREVOLE___ELEMENTO DESLIZANTE___ELEMENT \xc5\x9aLIZGOWY___238.104.010.240___72399554___36___X413425806000___THREADED PIN___BROCHE FILET\xc3\x89E___GEWINDESTIFT___PERNO FILETTATO___PERNO ROSCADO___SWORZE\xc5\x83 GWINTOWANY___X413.425.806.000___72372595___DIN 915 M12X20-45H___37___X548854466000___X548.854.466.000___72313440___18X2,5-NBR 70 FWN56402___38___X446217334000___FITTING KEY___CL\xc3\x89 DE FIXATION___PASSFEDER___LINGUETTA___LLAVE DE ENCAJE___KLUCZ MONTA\xc5\xbbOWY___X446.217.334.000___72373227___DIN 6885 A8X5X36-C45K___39___H178109010023___BLOCKING LEVER___LEVIER DE BLOCAGE___SPERRHEBEL___LEVA DI BLOCCO___PALANCA DE BLOQUEO___D\xc5\xb9WIGNIA BLOKUJ\xc4\x84CA___H178.109.010.023___72355684___40___X413627906000___X413.627.906.000___72372608___DIN 916 M14X16-45H___41___X506240500000___CYLINDER PIN___GOUPILLE DE V\xc3\x89RIN___ZYLINDERSTIFT___PERNO CILINDRO___PERNO DEL CILINDRO___CZOP CYLINDRA___X506.240.500.000___72313870___DIN 6325 6M6X36___42___016861050230___COMPRESSION SPRING___RESSORT DE COMPRESSION___DRUCKFEDER___MOLLA COMPRESSIONE___RESORTE DE COMPRESI\xc3\x93N___SPR\xc4\x98\xc5\xbbYNA DOCISKOWA___016.861.050.230___72386498___43___178109360010___PRESSURE SWITCH___MANOCONTACT___DRUCKSCHALTER___PRESSOSTATO___INTERRUPTOR DE PRESION___PRZE\xc5\x81\xc4\x84CZNIK CI\xc5\x9aNIENIA___178.109.360.010___72393606___44___X540003878000___SEALING WASHER___RONDELLE ETANCH.___DICHTRING___RONDELLA ERMETIC___ARANDELA SELLO___PODK\xc5\x81ADKA USZCZELNIAJ\xc4\x84CA___X540.003.878.000___72315093___DIN 7603 A12X18-CU___45___178109010020___BOLT___BOULON___BOLZEN___BULLONE___PERNO___\xc5\x9aRUBA___178.109.010.020___72393538___46___X500625546000___X500.625.546.000___72375154___ISO8752-6X50-A-ST-OB3___47___178109010011___ECCENTRIC___EXCENTRIQUE___EXZENTER___ECCENTRICO___EXCENTRICO___MIMO\xc5\x9aR\xc3\x93D___178.109.010.011___72393537___50___380100010010___LUBRICATING OIL PIPE___TUYAU D\'HUILE DE GRAISSAGE___SCHMIERROHR___TUBO DI LUBRIFICAZIONE___TUBERIA DE ACEITE LUBRICACION___PRZEW\xc3\x93D SZTYWNY OLEJU SMAROWEGO___380.100.010.010___72408558___51___X548823666000___X548.823.666.000___72313418___9,3X2,4-NBR 70 FWN56402___52___H205100011010___PAN___RECEPTEUR___AUFFANGWANNE___PANNELLO___CUBA___MISA___H205.100.011.010___72357985___53___205100011050___BAFFLE___CHICANE___PRALLBLECH___DEVIATORE___DESVIADOR___PRZEGRODA___205.100.011.050___72397526___54___X428803604000___NUT___\xc3\x89CROU___MUTTER___DADO___TUERCA___NAKR\xc4\x98TKA___X428.803.604.000___72372883___DIN 936 M14-17H___55___X487520041000___X487.520.041.000___72315626___DIN 933-M6 X 16-8.8-A3L___56___X450005108000___X450.005.108.000___72311787___DIN 125-6,4-ST.A3L___57___X428202239000___X428.202.239.000___72313266___DIN 934 M6-8A3L___58___X454305108000___X454.305.108.000___72311822___DIN9021-6,4-140HV-A3L___59___H162160010010___OIL LUBE PIPE___TUYAU D\'HUILE DE LUBRIFICATION___\xc3\x96LSCHMIERROHR___TUBO DI LUBRIFICAZIONE A OLIO___TUBERIA DE ACEITE LUBRICANTE___RURKA SMAROWANIA OLEJEM___H162.160.010.010___72355006___60___X428802404000___X428.802.404.000___72372870___DIN 936 M8-17H___X413122106000___X413.122.106.000___72372576___DIN 914 M8X35-45H___61___X450006308000___X450.006.308.000___72311788___DIN 125-8,4-ST.A3L___7169___k___\x10___\x01___D___\x01___\r___\x12___f___\x1e___C___\x02\x1b___\x02___\x01___\x8b\x07t\x01\xb2\x07\x92\x01\xff\xff\xff\xff___\xbc\x1b___\x02___\x01___I\x08\x9d\x01p\x08\xbb\x01\xff\xff\xff\xff___A\x19___\x02___\x01___\x8d\x06\xa9\x01\xb0\x06\xc6\x01\xff\xff\xff\xff___\x86\x1a___\x02___\x01___{\x07\xff\x01\xa3\x07\x1d\x02\xff\xff\xff\xff___\x86\x1a___\x02___\x01___)\x07\x19\x02P\x077\x02\xff\xff\xff\xff___\xc5\x01___\x02___\x01___\x84\x01&\x02\x99\x01B\x02\xff\xff\xff\xff___H\x1a___\x02___\x01___\x01\x07+\x02\'\x07I\x02\xff\xff\xff\xff___\r\x03___\x02___\x01___\xbd\x01C\x02\xd1\x01`\x02\xff\xff\xff\xff___\x87\x03___\x02___\x01___\xfb\x01a\x02\x0c\x02~\x02\xff\xff\xff\xff___\x12\x04___\x02___\x01___+\x02y\x02=\x02\x96\x02\xff\xff\xff\xff___\x05\x1a___\x02___\x01___Y\x06\x7f\x02}\x06\x9c\x02\xff\xff\xff\xff___\xaf\x04___\x02___\x01___j\x02\x9b\x02~\x02\xb9\x02\xff\xff\xff\xff___\xe8\x18___\x02___\x01___\xa5\x06\xb2\x02\xcb\x06\xd0\x02\xff\xff\xff\xff___v\x05___\x02___\x01___\xad\x02\xd9\x02\xbf\x02\xf6\x02\xff\xff\xff\xff___\x91\r___\x02___\x01___\x1e\x05\xe6\x02D\x05\x04\x03\xff\xff\xff\xff___\x05\x1a___\x02___\x01___""\x07\xf2\x02I\x07\x10\x03\xff\xff\xff\xff___\xea\x17___\x02___\x01___\x92\x06\x19\x03\xb8\x066\x03\xff\xff\xff\xff___\xf7\x06___\x02___\x01___?\x03?\x03S\x03]\x03\xff\xff\xff\xff___\xbd\x15___\x02___\x01___\xc4\x01d\x03\xe9\x01\x81\x03\xff\xff\xff\xff___L\x16___\x02___\x01___\x02\x02\x85\x03#\x02\xa2\x03\xff\xff\xff\xff___\xef\x16___\x02___\x01___D\x02\xb2\x03i\x02\xd0\x03\xff\xff\xff\xff___L\x12___\x02___\x01___\xa1\x03\xd1\x03\xc8\x03\xee\x03\xff\xff\xff\xff___I\x14___\x02___\x01___\x16\x01\xfe\x03>\x01\x1d\x04\xff\xff\xff\xff___\xe6\x12___\x02___\x01___\xee\x02\x02\x04\x15\x03\x1f\x04\xff\xff\xff\xff___\x84\x10___\x02___\x01___\xb9\x03\x10\x04\xdc\x03.\x04\xff\xff\xff\xff___\x94\r___\x02___\x01___O\x07$\x04u\x07B\x04\xff\xff\xff\xff___\xbf\r___\x02___\x01___U\x07O\x04w\x07m\x04\xff\xff\xff\xff___\xc2\r___\x02___\x01___\x9e\x07P\x04\xc6\x07m\x04\xff\xff\xff\xff___\x81\x17___\x02___\x01___\xf6\x01S\x04\x1c\x02q\x04\xff\xff\xff\xff___\xd3\x0e___\x02___\x01___\xcc\x07r\x04\xf3\x07\x90\x04\xff\xff\xff\xff___\xda\x0f___\x02___\x01___\x89\x08x\x04\xb0\x08\x96\x04\xff\xff\xff\xff___\x14\x0f___\x02___\x01___\xff\x07\x95\x04\'\x08\xb3\x04\xff\xff\xff\xff___\xba\x11___\x02___\x01___\x96\x03\x9d\x04\xbc\x03\xba\x04\xff\xff\xff\xff___\xbb\x13___\x02___\x01___\x0c\x02\xa4\x043\x02\xc2\x04\xff\xff\xff\xff___\xba\x11___\x02___\x01___K\x03\xb5\x04q\x03\xd2\x04\xff\xff\xff\xff___\xb7\x11___\x02___\x01___\xed\x02\xcc\x04\x11\x03\xe9\x04\xff\xff\xff\xff___ \x15___\x02___\x01___\x1f\x01\xf2\x04C\x01\x10\x05\xff\xff\xff\xff___D\x0c___\x02___\x01___\xf6\x05\x1b\x05\x1c\x069\x05\xff\xff\xff\xff___\xa2\x19___\x02___\x01___\xf1\x06\xaf\x01\x16\x07\xcd\x01\xff\xff\xff\xff___\xee___\x02___\x01___P\x01\x0c\x02[\x01)\x02\xff\xff\xff\xff___\xa3\n___\x02___\x01___\xfc\x02\x8e\x01\x19\x03\xac\x01\xff\xff\xff\xff___\xd5\t___\x02___\x01___R\x03k\x01r\x03\x88\x01\xff\xff\xff\xff___\x8b\t___\x02___\x01___\xb6\x03y\x01\xcf\x03\x97\x01\xff\xff\xff\xff___\xf6\x08___\x02___\x01___\xeb\x03I\x01\x08\x04g\x01\xff\xff\xff\xff___\xa3\n___\x02___\x01___\x8c\x04\xcc___\xaa\x04\xe9___\xff\xff\xff\xff___\xd5\t___\x02___\x01___\x91\x04\x0c\x01\xaf\x04*\x01\xff\xff\xff\xff___\x8b\t___\x02___\x01___\xb2\x04;\x01\xca\x04Y\x01\xff\xff\xff\xff___\xd5\t___\x02___\x01___\x16\x05\x03\x014\x05 \x01\xff\xff\xff\xff___\xa3\n___\x02___\x01____\x05\xf8___|\x05\x16\x01\xff\xff\xff\xff___-\x0b___\x02___\x01___\xc6\x04\xd6\x01\xe3\x04\xf3\x01\xff\xff\xff\xff___\xd1\x0b___\x02___\x01___\x04\x05\xf5\x01 \x05\x12\x02\xff\xff\xff\xff___\x1b\x0c___\x02___\x01___\x84\x04B\x02\xa2\x04a\x02\xff\xff\xff\xff___\xd5\t___\x02___\x01___\xa3\x04Z\x04\xc3\x04w\x04\xff\xff\xff\xff___\x86\x07___\x02___\x01___\xb8\x04\xd2\x03\xd6\x04\xf0\x03\xff\xff\xff\xff___\xcd\x08___\x02___\x01___\x84\x04\xcd\x03\xa2\x04\xeb\x03\xff\xff\xff\xff___\xd7\x0c___\x02___\x01___\x0c\x05\x8c\x04+\x05\xa9\x04\xff\xff\xff\xff___\xa3\n___\x02___\x01___\xa1\x04\xa5\x04\xc0\x04\xc3\x04\xff\xff\xff\xff___\xd0\x07___\x02___\x01___\xde\x03|\x03\xf5\x03\x9a\x03\xff\xff\xff\xff___\x86\x07___\x02___\x01___\x89\x03H\x03\xa6\x03f\x03\xff\xff\xff\xff___.\x06___\x02___\x01___\x95\x022\x03\xa9\x02O\x03\xff\xff\xff\xff___(\x13___\x02___\x01___u\x02\x11\x04\x9d\x02/\x04\xff\xff\xff\xff___@\x17___\x02___\x01___\x04\x02-\x04)\x02K\x04\xff\xff\xff\xff___\x87\x14___\x02___\x01___""\x01\xbc\x04@\x01\xd8\x04\xff\xff\xff\xff___0\x1c___\x02___\x01___H\x08\xc0\x01g\x08\xdd\x01\xff\xff\xff\xff___\xc1\x1a___\x02___\x01___V\x07\xdb\x02{\x07\xf9\x02\xff\xff\xff\xff___\xa5\x18___\x02___\x01___\xbe\x06\x01\x03\xdd\x06\x1e\x03\xff\xff\xff\xff___\x9f\x0f___\x02___\x01___\xab\x08:\x05\xd2\x08X\x05\xff\xff\xff\xff___g___\x0e___\x01___n\x1c___\x01___h\t\x18\x06___\x01h___\x14___\x08___\xfe\xff\x01___\xff\xff\xd4___\x01___\xdb___\xe1___\xfe\xff\x01___\xff\xff\xd4___\x01___\xe7___\xe7___\xfe\xff\x03___\x0e___\xd4___\x01___\xdb___\xe1___\xfe\xff\x03___\x0f___\xc6\x08___\x01___\xc6\x08___\xc6\x08___\xfe\xff\x03___\x10___\xd4___\x01___\xdb___\xe1___\xfe\xff\x03___\x11___\xc6\x08___\x01___\xc6\x08___\xc6\x08___\xfe\xff\x03___\x14___\xd4___\x01___\xdb___\xe1___\xfe\xff\x03___\x15___\xc6\x08___\x01___\xc6\x08___\xc6\x08___i___<___F___\x01___\xee___\xf0___\xfe___\xff\xff\xff\xff\xff\xff\xff\xff\xff\xff\xff\xff\xff\xff\xff\xff\xff\xff\xff\xff\xff\xff\xff\xff\xff\xff\xff\xff\x01___\xff\xff\xff\xff___\xff\xff___\x01___\xc5\x01___\xc7\x01___\xd4\x01___\xff\xff\xff\xff\xff\xff\xff\xff\xff\xff\xff\xff\xff\xff\xff\xff\xff\xff\xff\xff\xff\xff\xff\xff\xff\xff\xff\xff\xe6\xff\xff\xff\xff\xff\xff\xffD___\xff\xff___\x01___\xc5\x01___U\x02___\xd4\x01___\xff\xff\xff\xff\xff\xff\xff\xff\xff\xff\xff\xff\xff\xff\xff\xff\xff\xff\xff\xff\xff\xff\xff\xff\xff\xff\xff\xff\xe6\xff\xff\xff\xff\xff\xff\xff\x88___\xff\xff___\x01___\xc5\x01___\x83\x02___\xd4\x01___\xff\xff\xff\xff\xff\xff\xff\xff\xff\xff\xff\xff\xff\xff\xff\xff\xff\xff\xff\xff\xff\xff\xff\xff\xff\xff\xff\xff\xe6\xff\xff\xff\xff\xff\xff\xff\xcc___\xff\xff___\x01___\xc5\x01___\xb1\x02___\xd4\x01___\xff\xff\xff\xff\xff\xff\xff\xff\xff\xff\xff\xff\xff\xff\xff\xff\xff\xff\xff\xff\xff\xff\xff\xff\xff\xff\xff\xff\xe6\xff\xff\xff\xff\xff\xff\xff\x10\x01___\xff\xff___\x01___\xc5\x01___\xdf\x02___\xd4\x01___\xff\xff\xff\xff\xff\xff\xff\xff\xff\xff\xff\xff\xff\xff\xff\xff\xff\xff\xff\xff\xff\xff\xff\xff\xff\xff\xff\xff\xe6\xff\xff\xff\xff\xff\xff\xffT\x01___\xff\xff___\x01___\r\x03___\x0f\x03___\x1d\x03___\xff\xff\xff\xff\xff\xff\xff\xff\xff\xff\xff\xff\xff\xff\xff\xff\xff\xff\xff\xff\xff\xff\xff\xff\xff\xff\xff\xff\x01___\xff\xff\xff\xff\x98\x01___\xff\xff___\x01___\x87\x03___\x89\x03___\x96\x03___\xff\xff\xff\xff\xff\xff\xff\xff\xff\xff\xff\xff\xff\xff\xff\xff\xff\xff\xff\xff\xff\xff\xff\xff\xff\xff\xff\xff\x01___\xff\xff\xff\xff\xdc\x01___\xff\xff___\x01___\x12\x04___\x14\x04___""\x04___\xff\xff\xff\xff\xff\xff\xff\xff\xff\xff\xff\xff\xff\xff\xff\xff\xff\xff\xff\xff\xff\xff\xff\xff\xff\xff\xff\xff\x01___\xff\xff\xff\xff \x02___\xff\xff___\x01___\xaf\x04___\xb1\x04___\xbf\x04___\xff\xff\xff\xff\xff\xff\xff\xff\xff\xff\xff\xff\xff\xff\xff\xff\xff\xff\xff\xff\xff\xff\xff\xff\xff\xff\xff\xff\x01___\xff\xff\xff\xffd\x02___\xff\xff___\x01___v\x05___x\x05___\x86\x05___\xff\xff\xff\xff\xff\xff\xff\xff\xff\xff\xff\xff\xff\xff\xff\xff\xff\xff\xff\xff\xff\xff\xff\xff\xff\xff\xff\xff\x01___\xff\xff\xff\xff\xa8\x02___\xff\xff___\x01___.\x06___0\x06___>\x06___\xff\xff\xff\xff\xff\xff\xff\xff\xff\xff\xff\xff\xff\xff\xff\xff\xff\xff\xff\xff\xff\xff\xff\xff\xff\xff\xff\xff\x0c___\xff\xff\xff\xff\xec\x02___\xff\xff___\x01___\xf7\x06___\xf9\x06___\x06\x07___\xff\xff\xff\xff\xff\xff\xff\xff\xff\xff\xff\xff\xff\xff\xff\xff\xff\xff\xff\xff\xff\xff\xff\xff\xff\xff\xff\xff\x01___\xff\xff\xff\xff0\x03___\xff\xff___\x01___\x86\x07___\x89\x07___\x96\x07___\xff\xff\xff\xff\xff\xff\xff\xff\xff\xff\xff\xff\xff\xff\xff\xff\xff\xff\xff\xff\xff\xff\xff\xff\xff\xff\xff\xff\x02___\xff\xff\xff\xfft\x03___\xff\xff___\x01___\xd0\x07___\xd3\x07___\xe0\x07___\xff\xff\xff\xff\xff\xff\xff\xff\xff\xff\xff\xff\xff\xff\xff\xff\xff\xff\xff\xff\xff\xff\xff\xff\xff\xff\xff\xff\x01___\xff\xff\xff\xff\xb8\x03___\xff\xff___\x01___\xd0\x07___\xd3\x07___\xe0\x07___\xff\xff\xff\xff\xff\xff\xff\xff\xff\xff\xff\xff\xff\xff\xff\xff\xff\xff\xff\xff\xff\xff\xff\xff\xff\xff\xff\xff\x01___\xff\xff\xff\xff\xfc\x03___\xff\xff___\x01___\xcd\x08___\xd0\x08___\xe0\x07___\xff\xff\xff\xff\xff\xff\xff\xff\xff\xff\xff\xff\xff\xff\xff\xff\xff\xff\xff\xff\xff\xff\xff\xff\xff\xff\xff\xff\x01___\xff\xff\xff\xff@\x04___\xff\xff___\x01___\xcd\x08___\xd0\x08___\xe0\x07___\xff\xff\xff\xff\xff\xff\xff\xff\xff\xff\xff\xff\xff\xff\xff\xff\xff\xff\xff\xff\xff\xff\xff\xff\xff\xff\xff\xff\x01___\xff\xff\xff\xff\x84\x04___\xff\xff___\x01___\xf6\x08___\xf9\x08___\x06\t___\xff\xff\xff\xff\xff\xff\xff\xff\xff\xff\xff\xff\xff\xff\xff\xff\xff\xff\xff\xff\xff\xff\xff\xff\xff\xff\xff\xff\x01___\xff\xff\xff\xff\xc8\x04___\xff\xff___\x01___\x8b\t___\x8e\t___\x9b\t___\xff\xff\xff\xff\xff\xff\xff\xff\xff\xff\xff\xff\xff\xff\xff\xff\xff\xff\xff\xff\xff\xff\xff\xff\xff\xff\xff\xff\x02___\xff\xff\xff\xff\x0c\x05___\xff\xff___\x01___\xd5\t___\xd8\t___\xe5\t___\xff\xff\xff\xff\xff\xff\xff\xff\xff\xff\xff\xff\xff\xff\xff\xff\xff\xff\xff\xff\xff\xff\xff\xff\xff\xff\xff\xff\x04___\xff\xff\xff\xffP\x05___\xff\xff___\x01___\xd5\t___\xd8\t___\xe5\t___\xff\xff\xff\xff\xff\xff\xff\xff\xff\xff\xff\xff\xff\xff\xff\xff\xff\xff\xff\xff\xff\xff\xff\xff\xff\xff\xff\xff\x04___\xff\xff\xff\xff\x94\x05___\xff\xff___\x01___\xa3\n___\xa6\n___\x96\x07___\xff\xff\xff\xff\xff\xff\xff\xff\xff\xff\xff\xff\xff\xff\xff\xff\xff\xff\xff\xff\xff\xff\xff\xff\xff\xff\xff\xff\xe6\xff\xff\xff\xff\xff\xff\xff\xd8\x05___\xff\xff___\x01___\xa3\n___\xd3\n___\x96\x07___\xff\xff\xff\xff\xff\xff\xff\xff\xff\xff\xff\xff\xff\xff\xff\xff\xff\xff\xff\xff\xff\xff\xff\xff\xff\xff\xff\xff\xe6\xff\xff\xff\xff\xff\xff\xff\x1c\x06___\xff\xff___\x01___\xa3\n___\x0b___\x96\x07___\xff\xff\xff\xff\xff\xff\xff\xff\xff\xff\xff\xff\xff\xff\xff\xff\xff\xff\xff\xff\xff\xff\xff\xff\xff\xff\xff\xff\xe6\xff\xff\xff\xff\xff\xff\xff`\x06___\xff\xff___\x01___-\x0b___0\x0b___>\x0b___\xff\xff\xff\xff\xff\xff\xff\xff\xff\xff\xff\xff\xff\xff\xff\xff\xff\xff\xff\xff\xff\xff\xff\xff\xff\xff\xff\xff\x03___\xff\xff\xff\xff\xa4\x06___\xff\xff___\x01___\xd1\x0b___\xd4\x0b___>\x0b___\xff\xff\xff\xff\xff\xff\xff\xff\xff\xff\xff\xff\xff\xff\xff\xff\xff\xff\xff\xff\xff\xff\xff\xff\xff\xff\xff\xff\x03___\xff\xff\xff\xff\xe8\x06___\xff\xff___\x01___\x1b\x0c___\x1e\x0c___\x9b\t___\xff\xff\xff\xff\xff\xff\xff\xff\xff\xff\xff\xff\xff\xff\xff\xff\xff\xff\xff\xff\xff\xff\xff\xff\xff\xff\xff\xff\x01___\xff\xff\xff\xff,\x07___\xff\xff___\x01___D\x0c___\xff\xff\xff\xff\xff\xff\xff\xff\xff\xff\xff\xff\xff\xff\xff\xff\xff\xff\xff\xff\xff\xff\xff\xff\xff\xff\xff\xff\xff\xff\xff\xff\xff\xff\xff\xff\xff\xff\xff\xff\xff\xff\xff\xffp\x07___\xff\xff___\x01___\xd7\x0c___\xda\x0c___\xe7\x0c___\xff\xff\xff\xff\xff\xff\xff\xff\xff\xff\xff\xff\xff\xff\xff\xff\xff\xff\xff\xff\xff\xff\xff\xff\xff\xff\xff\xff\x01___\xff\xff\xff\xff\xb4\x07___\xff\xff___\x01___\x91\r___0\x06___>\x06___\xff\xff\xff\xff\xff\xff\xff\xff\xff\xff\xff\xff\xff\xff\xff\xff\xff\xff\xff\xff\xff\xff\xff\xff\xff\xff\xff\xff\x0c___\xff\xff\xff\xff\xf8\x07___\xff\xff___\x01___\x94\r___\x97\r___\xbf\x04___\xff\xff\xff\xff\xff\xff\xff\xff\xff\xff\xff\xff\xff\xff\xff\xff\xff\xff\xff\xff\xff\xff\xff\xff\xff\xff\xff\xff\x01___\xff\xff\xff\xff<\x08___\xff\xff___\x01___\xbf\r___\x14\x04___""\x04___\xff\xff\xff\xff\xff\xff\xff\xff\xff\xff\xff\xff\xff\xff\xff\xff\xff\xff\xff\xff\xff\xff\xff\xff\xff\xff\xff\xff\x01___\xff\xff\xff\xff\x80\x08___\xff\xff___\x01___\xc2\r___\xc5\r___\xd2\r___\xff\xff\xff\xff\xff\xff\xff\xff\xff\xff\xff\xff\xff\xff\xff\xff\xff\xff\xff\xff\xff\xff\xff\xff\xff\xff\xff\xff\xe6\xff\xff\xff\xff\xff\xff\xff\xc4\x08___\xff\xff___\x01___\xc2\r___Y\x0e___\xd2\r___\xff\xff\xff\xff\xff\xff\xff\xff\xff\xff\xff\xff\xff\xff\xff\xff\xff\xff\xff\xff\xff\xff\xff\xff\xff\xff\xff\xff\xe6\xff\xff\xff\xff\xff\xff\xff\x08\t___\xff\xff___\x01___\xc2\r___\x7f\x0e___\xd2\r___\xff\xff\xff\xff\xff\xff\xff\xff\xff\xff\xff\xff\xff\xff\xff\xff\xff\xff\xff\xff\xff\xff\xff\xff\xff\xff\xff\xff\xe6\xff\xff\xff\xff\xff\xff\xffL\t___\xff\xff___\x01___\xc2\r___\xad\x0e___\xd2\r___\xff\xff\xff\xff\xff\xff\xff\xff\xff\xff\xff\xff\xff\xff\xff\xff\xff\xff\xff\xff\xff\xff\xff\xff\xff\xff\xff\xff\xe6\xff\xff\xff\xff\xff\xff\xff\x90\t___\xff\xff___\x01___\xd3\x0e___\xd6\x0e___\x1d\x03___\xff\xff\xff\xff\xff\xff\xff\xff\xff\xff\xff\xff\xff\xff\xff\xff\xff\xff\xff\xff\xff\xff\xff\xff\xff\xff\xff\xff\x01___\xff\xff\xff\xff\xd4\t___\xff\xff___\x01___\x14\x0f___\x17\x0f___$\x0f___\xff\xff\xff\xff\xff\xff\xff\xff\xff\xff\xff\xff\xff\xff\xff\xff\xff\xff\xff\xff\xff\xff\xff\xff\xff\xff\xff\xff\x01___\xff\xff\xff\xff\x18\n___\xff\xff___\x01___\x9f\x0f___\xa2\x0f___>\x06___\xff\xff\xff\xff\xff\xff\xff\xff\xff\xff\xff\xff\xff\xff\xff\xff\xff\xff\xff\xff\xff\xff\xff\xff\xff\xff\xff\xff\x06___\xff\xff\xff\xff\\\n___\xff\xff___\x01___\xda\x0f___\xdd\x0f___\xeb\x0f___\xff\xff\xff\xff\xff\xff\xff\xff\xff\xff\xff\xff\xff\xff\xff\xff\xff\xff\xff\xff\xff\xff\xff\xff\xff\xff\xff\xff\x02___\xff\xff\xff\xff\xa0\n___\xff\xff___\x01___\x84\x10___\x87\x10___\x94\x10___\xff\xff\xff\xff\xff\xff\xff\xff\xff\xff\xff\xff\xff\xff\xff\xff\xff\xff\xff\xff\xff\xff\xff\xff\xff\xff\xff\xff\x01___\xff\xff\xff\xff\xe4\n___\xff\xff___\x01___\x84\x10___ \x11___.\x11___\xff\xff\xff\xff\xff\xff\xff\xff\xff\xff\xff\xff\xff\xff\xff\xff\xff\xff\xff\xff\xff\xff\xff\xff\xff\xff\xff\xff\x02___\xff\xff\xff\xff(\x0b___\xff\xff___\x01___\xb7\x11___ \x11___.\x11___\xff\xff\xff\xff\xff\xff\xff\xff\xff\xff\xff\xff\xff\xff\xff\xff\xff\xff\xff\xff\xff\xff\xff\xff\xff\xff\xff\xff\x02___\xff\xff\xff\xffl\x0b___\xff\xff___\x01___\xba\x11___\xbd\x11___\xca\x11___\xff\xff\xff\xff\xff\xff\xff\xff\xff\xff\xff\xff\xff\xff\xff\xff\xff\xff\xff\xff\xff\xff\xff\xff\xff\xff\xff\xff\x02___\xff\xff\xff\xff\xb0\x0b___\xff\xff___\x01___L\x12___O\x12___]\x12___\xff\xff\xff\xff\xff\xff\xff\xff\xff\xff\xff\xff\xff\xff\xff\xff\xff\xff\xff\xff\xff\xff\xff\xff\xff\xff\xff\xff\x01___\xff\xff\xff\xff\xf4\x0b___\xff\xff___\x01___\xe6\x12___\xe9\x12___\x1d\x03___\xff\xff\xff\xff\xff\xff\xff\xff\xff\xff\xff\xff\xff\xff\xff\xff\xff\xff\xff\xff\xff\xff\xff\xff\xff\xff\xff\xff\x01___\xff\xff\xff\xff8\x0c___\xff\xff___\x01___(\x13___+\x13___9\x13___\xff\xff\xff\xff\xff\xff\xff\xff\xff\xff\xff\xff\xff\xff\xff\xff\xff\xff\xff\xff\xff\xff\xff\xff\xff\xff\xff\xff\x01___\xff\xff\xff\xff|\x0c___\xff\xff___\x01___\xbb\x13___\xbe\x13___\xcc\x13___\xff\xff\xff\xff\xff\xff\xff\xff\xff\xff\xff\xff\xff\xff\xff\xff\xff\xff\xff\xff\xff\xff\xff\xff\xff\xff\xff\xff\x01___\xff\xff\xff\xff\xc0\x0c___\xff\xff___\x01___I\x14___L\x14___]\x12___\xff\xff\xff\xff\xff\xff\xff\xff\xff\xff\xff\xff\xff\xff\xff\xff\xff\xff\xff\xff\xff\xff\xff\xff\xff\xff\xff\xff\x01___\xff\xff\xff\xff\x04\r___\xff\xff___\x01___\x87\x14___\x8a\x14___\x98\x14___\xff\xff\xff\xff\xff\xff\xff\xff\xff\xff\xff\xff\xff\xff\xff\xff\xff\xff\xff\xff\xff\xff\xff\xff\xff\xff\xff\xff\x01___\xff\xff\xff\xffH\r___\xff\xff___\x01___ \x15___#\x15___0\x15___\xff\xff\xff\xff\xff\xff\xff\xff\xff\xff\xff\xff\xff\xff\xff\xff\xff\xff\xff\xff\xff\xff\xff\xff\xff\xff\xff\xff\x01___\xff\xff\xff\xff\x8c\r___\xff\xff___\x01___\xbd\x15___\xc0\x15___\xcd\x15___\xff\xff\xff\xff\xff\xff\xff\xff\xff\xff\xff\xff\xff\xff\xff\xff\xff\xff\xff\xff\xff\xff\xff\xff\xff\xff\xff\xff\x01___\xff\xff\xff\xff\xd0\r___\xff\xff___\x01___L\x16___O\x16___]\x16___\xff\xff\xff\xff\xff\xff\xff\xff\xff\xff\xff\xff\xff\xff\xff\xff\xff\xff\xff\xff\xff\xff\xff\xff\xff\xff\xff\xff\x02___\xff\xff\xff\xff\x14\x0e___\xff\xff___\x01___\xef\x16___\xf2\x16___\xff\x16___\xff\xff\xff\xff\xff\xff\xff\xff\xff\xff\xff\xff\xff\xff\xff\xff\xff\xff\xff\xff\xff\xff\xff\xff\xff\xff\xff\xff\x01___\xff\xff\xff\xffX\x0e___\xff\xff___\x01___@\x17___C\x17___>\x0b___\xff\xff\xff\xff\xff\xff\xff\xff\xff\xff\xff\xff\xff\xff\xff\xff\xff\xff\xff\xff\xff\xff\xff\xff\xff\xff\xff\xff\x01___\xff\xff\xff\xff\x9c\x0e___\xff\xff___\x01___\x81\x17___\x84\x17___\x91\x17___\xff\xff\xff\xff\xff\xff\xff\xff\xff\xff\xff\xff\xff\xff\xff\xff\xff\xff\xff\xff\xff\xff\xff\xff\xff\xff\xff\xff\x01___\xff\xff\xff\xff\xe0\x0e___\xff\xff___\x01___\xea\x17___\xed\x17___\xfa\x17___\xff\xff\xff\xff\xff\xff\xff\xff\xff\xff\xff\xff\xff\xff\xff\xff\xff\xff\xff\xff\xff\xff\xff\xff\xff\xff\xff\xff\x01___\xff\xff\xff\xff$\x0f___\xff\xff___\x01___\xa5\x18___\xa8\x18___\x1d\x03___\xff\xff\xff\xff\xff\xff\xff\xff\xff\xff\xff\xff\xff\xff\xff\xff\xff\xff\xff\xff\xff\xff\xff\xff\xff\xff\xff\xff\x01___\xff\xff\xff\xffh\x0f___\xff\xff___\x01___\xe8\x18___\xeb\x18___\xf9\x18___\xff\xff\xff\xff\xff\xff\xff\xff\xff\xff\xff\xff\xff\xff\xff\xff\xff\xff\xff\xff\xff\xff\xff\xff\xff\xff\xff\xff\x01___\xff\xff\xff\xff\xac\x0f___\xff\xff___\x01___A\x19___D\x19___Q\x19___\xff\xff\xff\xff\xff\xff\xff\xff\xff\xff\xff\xff\xff\xff\xff\xff\xff\xff\xff\xff\xff\xff\xff\xff\xff\xff\xff\xff\x01___\xff\xff\xff\xff\xf0\x0f___\xff\xff___\x01___\xa2\x19___\xa5\x19___\xb3\x19___\xff\xff\xff\xff\xff\xff\xff\xff\xff\xff\xff\xff\xff\xff\xff\xff\xff\xff\xff\xff\xff\xff\xff\xff\xff\xff\xff\xff\x02___\xff\xff\xff\xff4\x10___\xff\xff___\x01___\x05\x1a___\x08\x1a___>\x06___\xff\xff\xff\xff\xff\xff\xff\xff\xff\xff\xff\xff\xff\xff\xff\xff\xff\xff\xff\xff\xff\xff\xff\xff\xff\xff\xff\xff\x03___\xff\xff\xff\xffx\x10___\xff\xff___\x01___H\x1a___K\x1a___\x96\x07___\xff\xff\xff\xff\xff\xff\xff\xff\xff\xff\xff\xff\xff\xff\xff\xff\xff\xff\xff\xff\xff\xff\xff\xff\xff\xff\xff\xff\x02___\xff\xff\xff\xff\xbc\x10___\xff\xff___\x01___\x86\x1a___\x89\x1a___\xb3\x19___\xff\xff\xff\xff\xff\xff\xff\xff\xff\xff\xff\xff\xff\xff\xff\xff\xff\xff\xff\xff\xff\xff\xff\xff\xff\xff\xff\xff\x03___\xff\xff\xff\xff___\x11___\xff\xff___\x01___\xc1\x1a___\xc4\x1a___\x96\x07___\xff\xff\xff\xff\xff\xff\xff\xff\xff\xff\xff\xff\xff\xff\xff\xff\xff\xff\xff\xff\xff\xff\xff\xff\xff\xff\xff\xff\x01___\xff\xff\xff\xffD\x11___\xff\xff___\x01___\x02\x1b___\x05\x1b___\x13\x1b___\xff\xff\xff\xff\xff\xff\xff\xff\xff\xff\xff\xff\xff\xff\xff\xff\xff\xff\xff\xff\xff\xff\xff\xff\xff\xff\xff\xff\x01___\xff\xff\xff\xff\x88\x11___\xff\xff___\x01___\xbc\x1b___\xbf\x1b___\xb3\x19___\xff\xff\xff\xff\xff\xff\xff\xff\xff\xff\xff\xff\xff\xff\xff\xff\xff\xff\xff\xff\xff\xff\xff\xff\xff\xff\xff\xff\x01___\xff\xff\xff\xff\xcc\x11___\xff\xff___\x01___\xbc\x1b___\xf6\x1b___]\x12___\xff\xff\xff\xff\xff\xff\xff\xff\xff\xff\xff\xff\xff\xff\xff\xff\xff\xff\xff\xff\xff\xff\xff\xff\xff\xff\xff\xff\x01___\xff\xff\xff\xff\x10\x12___\xff\xff___\x01___0\x1c___3\x1c___\x96\x07___\xff\xff\xff\xff\xff\xff\xff\xff\xff\xff\xff\xff\xff\xff\xff\xff\xff\xff\xff\xff\xff\xff\xff\xff\xff\xff\xff\xff\x01___\xff\xff\xff\xffT\x12___\xff\xff___\x01___\x0e___\x0f___\x1a___#___\x02___\xff\xff\xff\xff5___>___\x02___\xff\xff\xff\xffJ___>___\x02___\xff\xff\xff\xffS___\\___\x02___\xff\xff\xff\xffj___\\___\x02___\xff\xff\xff\xffs___|___\x02___\xff\xff\xff\xff\x8a___\x93___\x02___\xff\xff\xff\xff\xa5___\x02___\xff\xff\xff\xff\xae___\x02___\xff\xff\xff\xff\xb3___\x02___\xff\xff\xff\xff\xb9___\\___\x02___\xff\xff\xff\xff\xbe___#___\x02___\xff\xff\xff\xff\xc3___|___\x02___\xff\xff\xff\xff\xc8___>___\x02___\xff\xff\xff\xff\xcd___\x93___\x02___\xff\xff\xff\xffj___\x04___\x98\x12___\xff\xff\xff\xff\xff\xff\xff\xff\xff\xff\xff\xff\xff\xff\xff\xff\xff\xff\xff\xff\xff\xff\xff\xff\xff\xff\xff\xff\xff\xff\xff\xff\xff\xff\xff\xff\xff\xff\xff\xff\xff\xff\xff\xff\xff\xff\xff\xff\xff\xff\xff\xff\xff\xff\xff\xff\xff\xff\xff\xff\xff\xff\xff\xff\xff\xff\xff\xff\xff\xff\xff\xff\xff\xff\xff\xff\xff\xff\xff\xff\xff\xff\xff\xff\xff\xff\xff\xff\xff\xff\xff\xff\xff\xff\xff\xff\xff\xff\xff\xff\xff\xff\xff\xff\xff\xff\xff\xff\xff\xff\xff\xff\xff\xff\xff\xff\xff\xff\xff\xff\xff\xff\xff\xff\xff\xff\xff\xff\xff\xff\xff\xff\xff\xff\xff\xff\xff\xff\xff\xff\xff\xff\xff\xff2\x01___\xff\xff\xff\xff]\x01___]\x01___\x16\x01___\x16\x01___A\x01___\xfe___y\x01___2\x01___\xfe___]\x01___\x16\x01___A\x01___\xfe___y\x01___\x9d\x01___\xae\x01___\xf0___\xf0___\xf0___\xb7\x01___\xff\xff\xff\xff\xff\xff\xff\xff\xff\xff\xff\xff\xff\xff\xff\xff\xff\xff\xff\xff\xff\xff\xff\xff\xff\xff\xff\xff\xff\xff\xff\xff\xff\xff\xff\xff\xff\xff\xff\xff\xff\xff\xff\xff\xff\xff\xff\xff\xff\xff\xff\xff\xff\xff\xff\xff\xff\xff\xff\xff\xff\xff\xff\xff\xff\xff\xff\xff\xff\xff\xff\xff\xff\xff\xff\xff\xff\xff\xff\xff\xff\xff\xff\xff\xff\xff\xff\xff\xff\xff\xff\xff\xff\xff\xff\xff\xff\xff\xff\xff\xff\xff\xff\xff\xff\xff\xff\xff\xff\xff\xff\xffM\x02___M\x02___M\x02___M\x02___M\x02___M\x02___M\x02___M\x02___M\x02___\xff\xff\xff\xff\xff\xff\xff\xff\xff\xff\xff\xff\xff\xff\xff\xff\xff\xff\xff\xff\xff\xff\xff\xff\xff\xff\xff\xff\xff\xff\xff\xff\xff\xff\xff\xff\xf0\x01___\xff\xff\xff\xff\x0c\x02___\x0c\x02___\xde\x01___\xde\x01___\xfd\x01___\xd4\x01___\x1c\x02___\xf0\x01___\xd4\x01___\x0c\x02___\xde\x01___\xfd\x01___\xd4\x01___\x1c\x02___4\x02___D\x02___\xc7\x01___\xc7\x01___\xc7\x01___\xff\xff\xff\xff\xff\xff\xff\xff\xff\xff\xff\xff\xff\xff\xff\xff\xff\xff\xff\xff\xff\xff\xff\xff\xff\xff\xff\xff\xff\xff\xff\xff\xff\xff\xff\xff\xff\xff\xff\xff\xff\xff\xff\xff\xff\xff\xff\xff\xff\xff\xff\xff\xff\xff\xff\xff\xff\xff\xff\xff\xff\xff\xff\xff\xff\xff\xff\xff\xff\xff\xff\xff\xff\xff\xff\xff\xff\xff\xff\xff\xff\xff\xff\xff\xff\xff\xff\xff\xff\xff\xff\xff\xff\xff\xff\xff\xff\xff\xff\xff\xff\xff\xff\xff\xff\xff\xff\xff\xff\xff\xff\xff\xff\xff\xff\xff{\x02___{\x02___{\x02___{\x02___{\x02___{\x02___{\x02___{\x02___{\x02___\xff\xff\xff\xff\xff\xff\xff\xff\xff\xff\xff\xff\xff\xff\xff\xff\xff\xff\xff\xff\xff\xff\xff\xff\xff\xff\xff\xff\xff\xff\xff\xff\xff\xff\xff\xff\xf0\x01___\xff\xff\xff\xff\x0c\x02___\x0c\x02___\xde\x01___\xde\x01___\xfd\x01___\xd4\x01___\x1c\x02___\xf0\x01___\xd4\x01___\x0c\x02___\xde\x01___\xfd\x01___\xd4\x01___\x1c\x02___b\x02___r\x02___U\x02___U\x02___U\x02___\xff\xff\xff\xff\xff\xff\xff\xff\xff\xff\xff\xff\xff\xff\xff\xff\xff\xff\xff\xff\xff\xff\xff\xff\xff\xff\xff\xff\xff\xff\xff\xff\xff\xff\xff\xff\xff\xff\xff\xff\xff\xff\xff\xff\xff\xff\xff\xff\xff\xff\xff\xff\xff\xff\xff\xff\xff\xff\xff\xff\xff\xff\xff\xff\xff\xff\xff\xff\xff\xff\xff\xff\xff\xff\xff\xff\xff\xff\xff\xff\xff\xff\xff\xff\xff\xff\xff\xff\xff\xff\xff\xff\xff\xff\xff\xff\xff\xff\xff\xff\xff\xff\xff\xff\xff\xff\xff\xff\xff\xff\xff\xff\xff\xff\xff\xff\xa9\x02___\xa9\x02___\xa9\x02___\xa9\x02___\xa9\x02___\xa9\x02___\xa9\x02___\xa9\x02___\xa9\x02___\xff\xff\xff\xff\xff\xff\xff\xff\xff\xff\xff\xff\xff\xff\xff\xff\xff\xff\xff\xff\xff\xff\xff\xff\xff\xff\xff\xff\xff\xff\xff\xff\xff\xff\xff\xff\xf0\x01___\xff\xff\xff\xff\x0c\x02___\x0c\x02___\xde\x01___\xde\x01___\xfd\x01___\xd4\x01___\x1c\x02___\xf0\x01___\xd4\x01___\x0c\x02___\xde\x01___\xfd\x01___\xd4\x01___\x1c\x02___\x90\x02___\xa0\x02___\x83\x02___\x83\x02___\x83\x02___\xff\xff\xff\xff\xff\xff\xff\xff\xff\xff\xff\xff\xff\xff\xff\xff\xff\xff\xff\xff\xff\xff\xff\xff\xff\xff\xff\xff\xff\xff\xff\xff\xff\xff\xff\xff\xff\xff\xff\xff\xff\xff\xff\xff\xff\xff\xff\xff\xff\xff\xff\xff\xff\xff\xff\xff\xff\xff\xff\xff\xff\xff\xff\xff\xff\xff\xff\xff\xff\xff\xff\xff\xff\xff\xff\xff\xff\xff\xff\xff\xff\xff\xff\xff\xff\xff\xff\xff\xff\xff\xff\xff\xff\xff\xff\xff\xff\xff\xff\xff\xff\xff\xff\xff\xff\xff\xff\xff\xff\xff\xff\xff\xff\xff\xff\xff\xd7\x02___\xd7\x02___\xd7\x02___\xd7\x02___\xd7\x02___\xd7\x02___\xd7\x02___\xd7\x02___\xd7\x02___\xff\xff\xff\xff\xff\xff\xff\xff\xff\xff\xff\xff\xff\xff\xff\xff\xff\xff\xff\xff\xff\xff\xff\xff\xff\xff\xff\xff\xff\xff\xff\xff\xff\xff\xff\xff\xf0\x01___\xff\xff\xff\xff\x0c\x02___\x0c\x02___\xde\x01___\xde\x01___\xfd\x01___\xd4\x01___\x1c\x02___\xf0\x01___\xd4\x01___\x0c\x02___\xde\x01___\xfd\x01___\xd4\x01___\x1c\x02___\xbe\x02___\xce\x02___\xb1\x02___\xb1\x02___\xb1\x02___\xff\xff\xff\xff\xff\xff\xff\xff\xff\xff\xff\xff\xff\xff\xff\xff\xff\xff\xff\xff\xff\xff\xff\xff\xff\xff\xff\xff\xff\xff\xff\xff\xff\xff\xff\xff\xff\xff\xff\xff\xff\xff\xff\xff\xff\xff\xff\xff\xff\xff\xff\xff\xff\xff\xff\xff\xff\xff\xff\xff\xff\xff\xff\xff\xff\xff\xff\xff\xff\xff\xff\xff\xff\xff\xff\xff\xff\xff\xff\xff\xff\xff\xff\xff\xff\xff\xff\xff\xff\xff\xff\xff\xff\xff\xff\xff\xff\xff\xff\xff\xff\xff\xff\xff\xff\xff\xff\xff\xff\xff\xff\xff\xff\xff\xff\xff\x05\x03___\x05\x03___\x05\x03___\x05\x03___\x05\x03___\x05\x03___\x05\x03___\x05\x03___\x05\x03___\xff\xff\xff\xff\xff\xff\xff\xff\xff\xff\xff\xff\xff\xff\xff\xff\xff\xff\xff\xff\xff\xff\xff\xff\xff\xff\xff\xff\xff\xff\xff\xff\xff\xff\xff\xff\xf0\x01___\xff\xff\xff\xff\x0c\x02___\x0c\x02___\xde\x01___\xde\x01___\xfd\x01___\xd4\x01___\x1c\x02___\xf0\x01___\xd4\x01___\x0c\x02___\xde\x01___\xfd\x01___\xd4\x01___\x1c\x02___\xec\x02___\xfc\x02___\xdf\x02___\xdf\x02___\xdf\x02___\xff\xff\xff\xff\xff\xff\xff\xff\xff\xff\xff\xff\xff\xff\xff\xff\xff\xff\xff\xff\xff\xff\xff\xff\xff\xff\xff\xff\xff\xff\xff\xff\xff\xff\xff\xff\xff\xff\xff\xff\xff\xff\xff\xff\xff\xff\xff\xff\xff\xff\xff\xff\xff\xff\xff\xff\xff\xff\xff\xff\xff\xff\xff\xff\xff\xff\xff\xff\xff\xff\xff\xff\xff\xff\xff\xff\xff\xff\xff\xff\xff\xff\xff\xff\xff\xff\xff\xff\xff\xff\xff\xff\xff\xff\xff\xff\xff\xff\xff\xff\xff\xff\xff\xff\xff\xff\xff\xff\xff\xff\xff\xff\xff\xff\xff\xff\xff\xff\xff\xff\xff\xff\xff\xff\xff\xff\xff\xff\xff\xff\xff\xff\xff\xff\xff\xff\xff\xff\xff\xff\xff\xff\xff\xff\xff\xff\xff\xff\xff\xff\xff\xff\xff\xff\xff\xff\xff\xff\xff\xff\xff\xff\xff\xff\xff\xff\xff\xff\xff\xff\xff\xff\xff\xff\xff\xff\xff\xff\xff\xff\xff\xff\xff\xff\xff\xff\xff\xff\x1d\x03___\xff\xff\xff\xffC\x03___C\x03___$\x03___$\x03___2\x03___\x1d\x03___\x1d\x03___\x1d\x03___\x1d\x03___C\x03___$\x03___2\x03___\x1d\x03___\x1d\x03___R\x03___c\x03___\x0f\x03___\x0f\x03___\x0f\x03___l\x03___\xff\xff\xff\xff\xff\xff\xff\xff\xff\xff\xff\xff\xff\xff\xff\xff\xff\xff\xff\xff\xff\xff\xff\xff\xff\xff\xff\xff\xff\xff\xff\xff\xff\xff\xff\xff\xff\xff\xff\xff\xff\xff\xff\xff\xff\xff\xff\xff\xff\xff\xff\xff\xff\xff\xff\xff\xff\xff\xff\xff\xff\xff\xff\xff\xff\xff\xff\xff\xff\xff\xff\xff\xff\xff\xff\xff\xff\xff\xff\xff\xff\xff\xff\xff\xff\xff\xff\xff\xff\xff\xff\xff\xff\xff\xff\xff\xff\xff\xff\xff\xff\xff\xff\xff\xff\xff\xff\xff\xff\xff\xff\xff\xff\xff\xff\xff\xff\xff\xff\xff\xff\xff\xff\xff\xff\xff\xff\xff\xff\xff\xff\xff\xff\xff\xff\xff\xff\xff\xff\xff\xff\xff\xff\xff\xff\xff\xff\xff\xff\xff\xff\xff\xff\xff\xff\xff\xff\xff\xff\xff\xff\xff\xff\xff\xff\xff\xff\xff\xff\xff\xff\xff\xff\xff\xff\xff\xff\xff\xff\xff\xff\xff\xff\xff\xb2\x03___\xff\xff\xff\xff\xcf\x03___\xcf\x03___\xa4\x03___\xa4\x03___\xbe\x03___\x96\x03___\xe1\x03___\xb2\x03___\x96\x03___\xcf\x03___\xa4\x03___\xbe\x03___\x96\x03___\xe1\x03___\xf9\x03___\t\x04___\x89\x03___\x89\x03___\x89\x03___\xff\xff\xff\xff\xff\xff\xff\xff\xff\xff\xff\xff\xff\xff\xff\xff\xff\xff\xff\xff\xff\xff\xff\xff\xff\xff\xff\xff\xff\xff\xff\xff\xff\xff\xff\xff\xff\xff\xff\xff\xff\xff\xff\xff\xff\xff\xff\xff\xff\xff\xff\xff\xff\xff\xff\xff\xff\xff\xff\xff\xff\xff\xff\xff\xff\xff\xff\xff\xff\xff\xff\xff\xff\xff\xff\xff\xff\xff\xff\xff\xff\xff\xff\xff\xff\xff\xff\xff\xff\xff\xff\xff\xff\xff\xff\xff\xff\xff\xff\xff\xff\xff\xff\xff\xff\xff\xff\xff\xff\xff\xff\xff\xff\xff\xff\xff\xff\xff\xff\xff\xff\xff\xff\xff\xff\xff\xff\xff\xff\xff\xff\xff\xff\xff\xff\xff\xff\xff\xff\xff\xff\xff\xff\xff\xff\xff\xff\xff\xff\xff\xff\xff\xff\xff\xff\xff\xff\xff\xff\xff\xff\xff\xff\xff\xff\xff\xff\xff\xff\xff\xff\xff\xff\xff\xff\xff\xff\xff\xff\xff\xff\xff\xff\xff\xff\xff\xff\xff;\x04___\xff\xff\xff\xffX\x04___X\x04___-\x04___-\x04___J\x04___""\x04___e\x04___;\x04___""\x04___X\x04___-\x04___J\x04___""\x04___e\x04___y\x04___\x8a\x04___\x14\x04___\x14\x04___\x14\x04___\x93\x04___\xff\xff\xff\xff\xff\xff\xff\xff\xff\xff\xff\xff\xff\xff\xff\xff\xff\xff\xff\xff\xff\xff\xff\xff\xff\xff\xff\xff\xff\xff\xff\xff\xff\xff\xff\xff\xff\xff\xff\xff\xff\xff\xff\xff\xff\xff\xff\xff\xff\xff\xff\xff\xff\xff\xff\xff\xff\xff\xff\xff\xff\xff\xff\xff\xff\xff\xff\xff\xff\xff\xff\xff\xff\xff\xff\xff\xff\xff\xff\xff\xff\xff\xff\xff\xff\xff\xff\xff\xff\xff\xff\xff\xff\xff\xff\xff\xff\xff\xff\xff\xff\xff\xff\xff\xff\xff\xff\xff\xff\xff\xff\xff\xff\xff\xff\xff\xff\xff\xff\xff\xff\xff\xff\xff\xff\xff\xff\xff\xff\xff\xff\xff\xff\xff\xff\xff\xff\xff\xff\xff\xff\xff\xff\xff\xff\xff\xff\xff\xff\xff\xff\xff\xff\xff\xff\xff\xff\xff\xff\xff\xff\xff\xff\xff\xff\xff\xff\xff\xff\xff\xff\xff\xff\xff\xff\xff\xff\xff\xff\xff\xff\xff\xff\xff\xef\x04___\xff\xff\xff\xff\x1a\x05___\x1a\x05___\xd4\x04___\xd4\x04___\x05___\xbf\x04___8\x05___\xef\x04___\xbf\x04___\x1a\x05___\xd4\x04___\x05___\xbf\x04___8\x05___T\x05___e\x05___\xb1\x04___\xb1\x04___\xb1\x04___n\x05___\xff\xff\xff\xff\xff\xff\xff\xff\xff\xff\xff\xff\xff\xff\xff\xff\xff\xff\xff\xff\xff\xff\xff\xff\xff\xff\xff\xff\xff\xff\xff\xff\xff\xff\xff\xff\xff\xff\xff\xff\xff\xff\xff\xff\xff\xff\xff\xff\xff\xff\xff\xff\xff\xff\xff\xff\xff\xff\xff\xff\xff\xff\xff\xff\xff\xff\xff\xff\xff\xff\xff\xff\xff\xff\xff\xff\xff\xff\xff\xff\xff\xff\xff\xff\xff\xff\xff\xff\xff\xff\xff\xff\xff\xff\xff\xff\xff\xff\xff\xff\xff\xff\xff\xff\xff\xff\xff\xff\xff\xff\xff\xff\xff\xff\xff\xff\xff\xff\xff\xff\xff\xff\xff\xff\xff\xff\xff\xff\xff\xff\xff\xff\xff\xff\xff\xff\xff\xff\xff\xff\xff\xff\xff\xff\xff\xff\xff\xff\xff\xff\xff\xff\xff\xff\xff\xff\xff\xff\xff\xff\xff\xff\xff\xff\xff\xff\xff\xff\xff\xff\xff\xff\xff\xff\xff\xff\xff\xff\xff\xff\xff\xff\xff\xff\xb2\x05___\xff\xff\xff\xff\xdb\x05___\xdb\x05___\x98\x05___\x98\x05___\xc6\x05___\x86\x05___\xf3\x05___\xb2\x05___\x86\x05___\xdb\x05___\x98\x05___\xc6\x05___\x86\x05___\xf3\x05___\x14\x06___%\x06___x\x05___x\x05___x\x05___\xff\xff\xff\xff\xff\xff\xff\xff\xff\xff\xff\xff\xff\xff\xff\xff\xff\xff\xff\xff\xff\xff\xff\xff\xff\xff\xff\xff\xff\xff\xff\xff\xff\xff\xff\xff\xff\xff\xff\xff\xff\xff\xff\xff\xff\xff\xff\xff\xff\xff\xff\xff\xff\xff\xff\xff\xff\xff\xff\xff\xff\xff\xff\xff\xff\xff\xff\xff\xff\xff\xff\xff\xff\xff\xff\xff\xff\xff\xff\xff\xff\xff\xff\xff\xff\xff\xff\xff\xff\xff\xff\xff\xff\xff\xff\xff\xff\xff\xff\xff\xff\xff\xff\xff\xff\xff\xff\xff\xff\xff\xff\xff\xff\xff\xff\xff\xff\xff\xff\xff\xff\xff\xff\xff\xff\xff\xff\xff\xff\xff\xff\xff\xff\xff\xff\xff\xff\xff\xff\xff\xff\xff\xff\xff\xff\xff\xff\xff\xff\xff\xff\xff\xff\xff\xff\xff\xff\xff\xff\xff\xff\xff\xff\xff\xff\xff\xff\xff\xff\xff\xff\xff\xff\xff\xff\xff\xff\xff\xff\xff\xff\xff\xff\xff\xff\xff\xff\xffi\x06___\xff\xff\xff\xff\x92\x06___\x92\x06___R\x06___R\x06___{\x06___>\x06___\xaf\x06___i\x06___>\x06___\x92\x06___R\x06___{\x06___>\x06___\xaf\x06___\xc5\x06___\xd6\x06___0\x06___0\x06___0\x06___\xdf\x06___\xff\xff\xff\xff\xff\xff\xff\xff\xff\xff\xff\xff\xff\xff\xff\xff\xff\xff\xff\xff\xff\xff\xff\xff\xff\xff\xff\xff\xff\xff\xff\xff\xff\xff\xff\xff\xff\xff\xff\xff\xff\xff\xff\xff\xff\xff\xff\xff\xff\xff\xff\xff\xff\xff\xff\xff\xff\xff\xff\xff\xff\xff\xff\xff\xff\xff\xff\xff\xff\xff\xff\xff\xff\xff\xff\xff\xff\xff\xff\xff\xff\xff\xff\xff\xff\xff\xff\xff\xff\xff\xff\xff\xff\xff\xff\xff\xff\xff\xff\xff\xff\xff\xff\xff\xff\xff\xff\xff\xff\xff\xff\xff\xff\xff\xff\xff\xff\xff\xff\xff\xff\xff\xff\xff\xff\xff\xff\xff\xff\xff\xff\xff\xff\xff\xff\xff\xff\xff\xff\xff\xff\xff\xff\xff\xff\xff\xff\xff\xff\xff\xff\xff\xff\xff\xff\xff\xff\xff\xff\xff\xff\xff\xff\xff\xff\xff\xff\xff\xff\xff\xff\xff\xff\xff\xff\xff\xff\xff\xff\xff\xff\xff\xff\xff\'\x07___\xff\xff\xff\xffK\x07___K\x07___\x15\x07___\x15\x07___4\x07___\x06\x07___]\x07___\'\x07___\x06\x07___K\x07___\x15\x07___4\x07___\x06\x07___]\x07___m\x07___}\x07___\xf9\x06___\xf9\x06___\xf9\x06___\xff\xff\xff\xff\xff\xff\xff\xff\xff\xff\xff\xff\xff\xff\xff\xff\xff\xff\xff\xff\xff\xff\xff\xff\xff\xff\xff\xff\xff\xff\xff\xff\xff\xff\xff\xff\xff\xff\xff\xff\xff\xff\xff\xff\xff\xff\xff\xff\xff\xff\xff\xff\xff\xff\xff\xff\xff\xff\xff\xff\xff\xff\xff\xff\xff\xff\xff\xff\xff\xff\xff\xff\xff\xff\xff\xff\xff\xff\xff\xff\xff\xff\xff\xff\xff\xff\xff\xff\xff\xff\xff\xff\xff\xff\xff\xff\xff\xff\xff\xff\xff\xff\xff\xff\xff\xff\xff\xff\xff\xff\xff\xff\xff\xff\xff\xff\xff\xff\xff\xff\xff\xff\xff\xff\xff\xff\xff\xff\xff\xff\xff\xff\xff\xff\xff\xff\xff\xff\xff\xff\xff\xff\xff\xff\xff\xff\xff\xff\xff\xff\xff\xff\xff\xff\xff\xff\xff\xff\xff\xff\xff\xff\xff\xff\xff\xff\xff\xff\xff\xff\xff\xff\xff\xff\xff\xff\xff\xff\xff\xff\xff\xff\xff\xff\xff\xff\xff\xff\xa2\x07___\xff\xff\xff\xff\xaa\x07___\xaa\x07___\x9b\x07___\x9b\x07___\xaa\x07___\x96\x07___\xb0\x07___\xa2\x07___\x96\x07___\xaa\x07___\x9b\x07___\xaa\x07___\x96\x07___\xb0\x07___\xb7\x07___\xc7\x07___\x89\x07___\x89\x07___\x89\x07___\xff\xff\xff\xff\xff\xff\xff\xff\xff\xff\xff\xff\xff\xff\xff\xff\xff\xff\xff\xff\xff\xff\xff\xff\xff\xff\xff\xff\xff\xff\xff\xff\xff\xff\xff\xff\xff\xff\xff\xff\xff\xff\xff\xff\xff\xff\xff\xff\xff\xff\xff\xff\xff\xff\xff\xff\xff\xff\xff\xff\xff\xff\xff\xff\xff\xff\xff\xff\xff\xff\xff\xff\xff\xff\xff\xff\xff\xff\xff\xff\xff\xff\xff\xff\xff\xff\xff\xff\xff\xff\xff\xff\xff\xff\xff\xff\xff\xff\xff\xff\xff\xff\xff\xff\xff\xff\xff\xff\xff\xff\xff\xff\xff\xff\xff\xff\xad\x08___\xad\x08___\xad\x08___\xad\x08___\xad\x08___\xad\x08___\xad\x08___\xad\x08___\xad\x08___\xff\xff\xff\xff\xff\xff\xff\xff\xff\xff\xff\xff\xff\xff\xff\xff\xff\xff\xff\xff\xff\xff\xff\xff\xff\xff\xff\xff\xff\xff\xff\xff\xff\xff\xff\xff\x1b\x08___\xff\xff\xff\xffL\x08___L\x08___\xf7\x07___\xf7\x07___(\x08___\xe0\x07___j\x08___\x1b\x08___\xe0\x07___L\x08___\xf7\x07___(\x08___\xe0\x07___j\x08___\x94\x08___\xa4\x08___\xd3\x07___\xd3\x07___\xd3\x07___\xff\xff\xff\xff\xff\xff\xff\xff\xff\xff\xff\xff\xff\xff\xff\xff\xff\xff\xff\xff\xff\xff\xff\xff\xff\xff\xff\xff\xff\xff\xff\xff\xff\xff\xff\xff\xff\xff\xff\xff\xff\xff\xff\xff\xff\xff\xff\xff\xff\xff\xff\xff\xff\xff\xff\xff\xff\xff\xff\xff\xff\xff\xff\xff\xff\xff\xff\xff\xff\xff\xff\xff\xff\xff\xff\xff\xff\xff\xff\xff\xff\xff\xff\xff\xff\xff\xff\xff\xff\xff\xff\xff\xff\xff\xff\xff\xff\xff\xff\xff\xff\xff\xff\xff\xff\xff\xff\xff\xff\xff\xff\xff\xff\xff\xff\xff\xad\x08___\xad\x08___\xad\x08___\xad\x08___\xad\x08___\xad\x08___\xad\x08___\xad\x08___\xad\x08___\xff\xff\xff\xff\xff\xff\xff\xff\xff\xff\xff\xff\xff\xff\xff\xff\xff\xff\xff\xff\xff\xff\xff\xff\xff\xff\xff\xff\xff\xff\xff\xff\xff\xff\xff\xff\x1b\x08___\xff\xff\xff\xffL\x08___L\x08___\xf7\x07___\xf7\x07___(\x08___\xe0\x07___j\x08___\x1b\x08___\xe0\x07___L\x08___\xf7\x07___(\x08___\xe0\x07___j\x08___\x94\x08___\xa4\x08___\xd3\x07___\xd3\x07___\xd3\x07___\xff\xff\xff\xff\xff\xff\xff\xff\xff\xff\xff\xff\xff\xff\xff\xff\xff\xff\xff\xff\xff\xff\xff\xff\xff\xff\xff\xff\xff\xff\xff\xff\xff\xff\xff\xff\xff\xff\xff\xff\xff\xff\xff\xff\xff\xff\xff\xff\xff\xff\xff\xff\xff\xff\xff\xff\xff\xff\xff\xff\xff\xff\xff\xff\xff\xff\xff\xff\xff\xff\xff\xff\xff\xff\xff\xff\xff\xff\xff\xff\xff\xff\xff\xff\xff\xff\xff\xff\xff\xff\xff\xff\xff\xff\xff\xff\xff\xff\xff\xff\xff\xff\xff\xff\xff\xff\xff\xff\xff\xff\xff\xff\xff\xff\xff\xff\xad\x08___\xad\x08___\xad\x08___\xad\x08___\xad\x08___\xad\x08___\xad\x08___\xad\x08___\xad\x08___\xff\xff\xff\xff\xff\xff\xff\xff\xff\xff\xff\xff\xff\xff\xff\xff\xff\xff\xff\xff\xff\xff\xff\xff\xff\xff\xff\xff\xff\xff\xff\xff\xff\xff\xff\xff\x1b\x08___\xff\xff\xff\xffL\x08___L\x08___\xf7\x07___\xf7\x07___(\x08___\xe0\x07___j\x08___\x1b\x08___\xe0\x07___L\x08___\xf7\x07___(\x08___\xe0\x07___j\x08___\xdd\x08___\xed\x08___\xd0\x08___\xd0\x08___\xd0\x08___\xff\xff\xff\xff\xff\xff\xff\xff\xff\xff\xff\xff\xff\xff\xff\xff\xff\xff\xff\xff\xff\xff\xff\xff\xff\xff\xff\xff\xff\xff\xff\xff\xff\xff\xff\xff\xff\xff\xff\xff\xff\xff\xff\xff\xff\xff\xff\xff\xff\xff\xff\xff\xff\xff\xff\xff\xff\xff\xff\xff\xff\xff\xff\xff\xff\xff\xff\xff\xff\xff\xff\xff\xff\xff\xff\xff\xff\xff\xff\xff\xff\xff\xff\xff\xff\xff\xff\xff\xff\xff\xff\xff\xff\xff\xff\xff\xff\xff\xff\xff\xff\xff\xff\xff\xff\xff\xff\xff\xff\xff\xff\xff\xff\xff\xff\xff\xad\x08___\xad\x08___\xad\x08___\xad\x08___\xad\x08___\xad\x08___\xad\x08___\xad\x08___\xad\x08___\xff\xff\xff\xff\xff\xff\xff\xff\xff\xff\xff\xff\xff\xff\xff\xff\xff\xff\xff\xff\xff\xff\xff\xff\xff\xff\xff\xff\xff\xff\xff\xff\xff\xff\xff\xff\x1b\x08___\xff\xff\xff\xffL\x08___L\x08___\xf7\x07___\xf7\x07___(\x08___\xe0\x07___j\x08___\x1b\x08___\xe0\x07___L\x08___\xf7\x07___(\x08___\xe0\x07___j\x08___\xdd\x08___\xed\x08___\xd0\x08___\xd0\x08___\xd0\x08___\xff\xff\xff\xff\xff\xff\xff\xff\xff\xff\xff\xff\xff\xff\xff\xff\xff\xff\xff\xff\xff\xff\xff\xff\xff\xff\xff\xff\xff\xff\xff\xff\xff\xff\xff\xff\xff\xff\xff\xff\xff\xff\xff\xff\xff\xff\xff\xff\xff\xff\xff\xff\xff\xff\xff\xff\xff\xff\xff\xff\xff\xff\xff\xff\xff\xff\xff\xff\xff\xff\xff\xff\xff\xff\xff\xff\xff\xff\xff\xff\xff\xff\xff\xff\xff\xff\xff\xff\xff\xff\xff\xff\xff\xff\xff\xff\xff\xff\xff\xff\xff\xff\xff\xff\xff\xff\xff\xff\xff\xff\xff\xff\xff\xff\xff\xff\xff\xff\xff\xff\xff\xff\xff\xff\xff\xff\xff\xff\xff\xff\xff\xff\xff\xff\xff\xff\xff\xff\xff\xff\xff\xff\xff\xff\xff\xff\xff\xff\xff\xff\xff\xff\xff\xff\xff\xff\xff\xff\xff\xff\xff\xff\xff\xff\xff\xff\xff\xff\xff\xff\xff\xff\xff\xff\xff\xff\xff\xff\xff\xff\xff\xff\xff\xff\xff\xff\xff\xff\'\t___\xff\xff\xff\xffF\t___F\t___\x14\t___\x14\t___2\t___\x06\t___]\t___\'\t___\x06\t___F\t___\x14\t___2\t___\x06\t___]\t___r\t___\x82\t___\xf9\x08___\xf9\x08___\xf9\x08___\xff\xff\xff\xff\xff\xff\xff\xff\xff\xff\xff\xff\xff\xff\xff\xff\xff\xff\xff\xff\xff\xff\xff\xff\xff\xff\xff\xff\xff\xff\xff\xff\xff\xff\xff\xff\xff\xff\xff\xff\xff\xff\xff\xff\xff\xff\xff\xff\xff\xff\xff\xff\xff\xff\xff\xff\xff\xff\xff\xff\xff\xff\xff\xff\xff\xff\xff\xff\xff\xff\xff\xff\xff\xff\xff\xff\xff\xff\xff\xff\xff\xff\xff\xff\xff\xff\xff\xff\xff\xff\xff\xff\xff\xff\xff\xff\xff\xff\xff\xff\xff\xff\xff\xff\xff\xff\xff\xff\xff\xff\xff\xff\xff\xff\xff\xff\xff\xff\xff\xff\xff\xff\xff\xff\xff\xff\xff\xff\xff\xff\xff\xff\xff\xff\xff\xff\xff\xff\xff\xff\xff\xff\xff\xff\xff\xff\xff\xff\xff\xff\xff\xff\xff\xff\xff\xff\xff\xff\xff\xff\xff\xff\xff\xff\xff\xff\xff\xff\xff\xff\xff\xff\xff\xff\xff\xff\xff\xff\xff\xff\xff\xff\xff\xff\xff\xff\xff\xff\xa7\t___\xff\xff\xff\xff\xb4\t___\xb4\t___\xa0\t___\xa0\t___\xad\t___\x9b\t___\xb8\t___\xa7\t___\x9b\t___\xb4\t___\xa0\t___\xad\t___\x9b\t___\xb8\t___\xbc\t___\xcc\t___\x8e\t___\x8e\t___\x8e\t___\xff\xff\xff\xff\xff\xff\xff\xff\xff\xff\xff\xff\xff\xff\xff\xff\xff\xff\xff\xff\xff\xff\xff\xff\xff\xff\xff\xff\xff\xff\xff\xff\xff\xff\xff\xff\xff\xff\xff\xff\xff\xff\xff\xff\xff\xff\xff\xff\xff\xff\xff\xff\xff\xff\xff\xff\xff\xff\xff\xff\xff\xff\xff\xff\xff\xff\xff\xff\xff\xff\xff\xff\xff\xff\xff\xff\xff\xff\xff\xff\xff\xff\xff\xff\xff\xff\xff\xff\xff\xff\xff\xff\xff\xff\xff\xff\xff\xff\xff\xff\xff\xff\xff\xff\xff\xff\xff\xff\xff\xff\xff\xff\xff\xff\xff\xff\x8a\n___\x8a\n___\x8a\n___\x8a\n___\x8a\n___\x8a\n___\x8a\n___\x8a\n___\x8a\n___\xff\xff\xff\xff\xff\xff\xff\xff\xff\xff\xff\xff\xff\xff\xff\xff\xff\xff\xff\xff\xff\xff\xff\xff\xff\xff\xff\xff\xff\xff\xff\xff\xff\xff\xff\xff\x11\n___\xff\xff\xff\xff:\n___:\n___\xf9\t___\xf9\t___$\n___\xe5\t___P\n___\x11\n___\xe5\t___:\n___\xf9\t___$\n___\xe5\t___P\n___q\n___\x81\n___\xd8\t___\xd8\t___\xd8\t___\xff\xff\xff\xff\xff\xff\xff\xff\xff\xff\xff\xff\xff\xff\xff\xff\xff\xff\xff\xff\xff\xff\xff\xff\xff\xff\xff\xff\xff\xff\xff\xff\xff\xff\xff\xff\xff\xff\xff\xff\xff\xff\xff\xff\xff\xff\xff\xff\xff\xff\xff\xff\xff\xff\xff\xff\xff\xff\xff\xff\xff\xff\xff\xff\xff\xff\xff\xff\xff\xff\xff\xff\xff\xff\xff\xff\xff\xff\xff\xff\xff\xff\xff\xff\xff\xff\xff\xff\xff\xff\xff\xff\xff\xff\xff\xff\xff\xff\xff\xff\xff\xff\xff\xff\xff\xff\xff\xff\xff\xff\xff\xff\xff\xff\xff\xff\x8a\n___\x8a\n___\x8a\n___\x8a\n___\x8a\n___\x8a\n___\x8a\n___\x8a\n___\x8a\n___\xff\xff\xff\xff\xff\xff\xff\xff\xff\xff\xff\xff\xff\xff\xff\xff\xff\xff\xff\xff\xff\xff\xff\xff\xff\xff\xff\xff\xff\xff\xff\xff\xff\xff\xff\xff\x11\n___\xff\xff\xff\xff:\n___:\n___\xf9\t___\xf9\t___$\n___\xe5\t___P\n___\x11\n___\xe5\t___:\n___\xf9\t___$\n___\xe5\t___P\n___q\n___\x81\n___\xd8\t___\xd8\t___\xd8\t___\xff\xff\xff\xff\xff\xff\xff\xff\xff\xff\xff\xff\xff\xff\xff\xff\xff\xff\xff\xff\xff\xff\xff\xff\xff\xff\xff\xff\xff\xff\xff\xff\xff\xff\xff\xff\xff\xff\xff\xff\xff\xff\xff\xff\xff\xff\xff\xff\xff\xff\xff\xff\xff\xff\xff\xff\xff\xff\xff\xff\xff\xff\xff\xff\xff\xff\xff\xff\xff\xff\xff\xff\xff\xff\xff\xff\xff\xff\xff\xff\xff\xff\xff\xff\xff\xff\xff\xff\xff\xff\xff\xff\xff\xff\xff\xff\xff\xff\xff\xff\xff\xff\xff\xff\xff\xff\xff\xff\xff\xff\xff\xff\xff\xff\xff\xff\xcc\n___\xcc\n___\xcc\n___\xcc\n___\xcc\n___\xcc\n___\xcc\n___\xcc\n___\xcc\n___\xff\xff\xff\xff\xff\xff\xff\xff\xff\xff\xff\xff\xff\xff\xff\xff\xff\xff\xff\xff\xff\xff\xff\xff\xff\xff\xff\xff\xff\xff\xff\xff\xff\xff\xff\xff\xa2\x07___\xff\xff\xff\xff\xaa\x07___\xaa\x07___\x9b\x07___\x9b\x07___\xaa\x07___\x96\x07___\xb0\x07___\xa2\x07___\x96\x07___\xaa\x07___\x9b\x07___\xaa\x07___\x96\x07___\xb0\x07___\xb3\n___\xc3\n___\xa6\n___\xa6\n___\xa6\n___\xff\xff\xff\xff\xff\xff\xff\xff\xff\xff\xff\xff\xff\xff\xff\xff\xff\xff\xff\xff\xff\xff\xff\xff\xff\xff\xff\xff\xff\xff\xff\xff\xff\xff\xff\xff\xff\xff\xff\xff\xff\xff\xff\xff\xff\xff\xff\xff\xff\xff\xff\xff\xff\xff\xff\xff\xff\xff\xff\xff\xff\xff\xff\xff\xff\xff\xff\xff\xff\xff\xff\xff\xff\xff\xff\xff\xff\xff\xff\xff\xff\xff\xff\xff\xff\xff\xff\xff\xff\xff\xff\xff\xff\xff\xff\xff\xff\xff\xff\xff\xff\xff\xff\xff\xff\xff\xff\xff\xff\xff\xff\xff\xff\xff\xff\xff\xf9\n___\xf9\n___\xf9\n___\xf9\n___\xf9\n___\xf9\n___\xf9\n___\xf9\n___\xf9\n___\xff\xff\xff\xff\xff\xff\xff\xff\xff\xff\xff\xff\xff\xff\xff\xff\xff\xff\xff\xff\xff\xff\xff\xff\xff\xff\xff\xff\xff\xff\xff\xff\xff\xff\xff\xff\xa2\x07___\xff\xff\xff\xff\xaa\x07___\xaa\x07___\x9b\x07___\x9b\x07___\xaa\x07___\x96\x07___\xb0\x07___\xa2\x07___\x96\x07___\xaa\x07___\x9b\x07___\xaa\x07___\x96\x07___\xb0\x07___\xe0\n___\xf0\n___\xd3\n___\xd3\n___\xd3\n___\xff\xff\xff\xff\xff\xff\xff\xff\xff\xff\xff\xff\xff\xff\xff\xff\xff\xff\xff\xff\xff\xff\xff\xff\xff\xff\xff\xff\xff\xff\xff\xff\xff\xff\xff\xff\xff\xff\xff\xff\xff\xff\xff\xff\xff\xff\xff\xff\xff\xff\xff\xff\xff\xff\xff\xff\xff\xff\xff\xff\xff\xff\xff\xff\xff\xff\xff\xff\xff\xff\xff\xff\xff\xff\xff\xff\xff\xff\xff\xff\xff\xff\xff\xff\xff\xff\xff\xff\xff\xff\xff\xff\xff\xff\xff\xff\xff\xff\xff\xff\xff\xff\xff\xff\xff\xff\xff\xff\xff\xff\xff\xff\xff\xff\xff\xff&\x0b___&\x0b___&\x0b___&\x0b___&\x0b___&\x0b___&\x0b___&\x0b___&\x0b___\xff\xff\xff\xff\xff\xff\xff\xff\xff\xff\xff\xff\xff\xff\xff\xff\xff\xff\xff\xff\xff\xff\xff\xff\xff\xff\xff\xff\xff\xff\xff\xff\xff\xff\xff\xff\xa2\x07___\xff\xff\xff\xff\xaa\x07___\xaa\x07___\x9b\x07___\x9b\x07___\xaa\x07___\x96\x07___\xb0\x07___\xa2\x07___\x96\x07___\xaa\x07___\x9b\x07___\xaa\x07___\x96\x07___\xb0\x07___\r\x0b___\x1d\x0b___\x0b___\x0b___\x0b___\xff\xff\xff\xff\xff\xff\xff\xff\xff\xff\xff\xff\xff\xff\xff\xff\xff\xff\xff\xff\xff\xff\xff\xff\xff\xff\xff\xff\xff\xff\xff\xff\xff\xff\xff\xff\xff\xff\xff\xff\xff\xff\xff\xff\xff\xff\xff\xff\xff\xff\xff\xff\xff\xff\xff\xff\xff\xff\xff\xff\xff\xff\xff\xff\xff\xff\xff\xff\xff\xff\xff\xff\xff\xff\xff\xff\xff\xff\xff\xff\xff\xff\xff\xff\xff\xff\xff\xff\xff\xff\xff\xff\xff\xff\xff\xff\xff\xff\xff\xff\xff\xff\xff\xff\xff\xff\xff\xff\xff\xff\xff\xff\xff\xff\xff\xff\xff\xff\xff\xff\xff\xff\xff\xff\xff\xff\xff\xff\xff\xff\xff\xff\xff\xff\xff\xff\xff\xff\xff\xff\xff\xff\xff\xff\xff\xff\xff\xff\xff\xff\xff\xff\xff\xff\xff\xff\xff\xff\xff\xff\xff\xff\xff\xff\xff\xff\xff\xff\xff\xff\xff\xff\xff\xff\xff\xff\xff\xff\xff\xff\xff\xff\xff\xff\xff\xff\xff\xffe\x0b___\xff\xff\xff\xff\x7f\x0b___\x7f\x0b___M\x0b___M\x0b___p\x0b___>\x0b___\x8c\x0b___e\x0b___>\x0b___\x7f\x0b___M\x0b___p\x0b___>\x0b___\x8c\x0b___\xa1\x0b___\xb2\x0b___0\x0b___0\x0b___0\x0b___\xbb\x0b___\xff\xff\xff\xff\xff\xff\xff\xff\xff\xff\xff\xff\xff\xff\xff\xff\xff\xff\xff\xff\xff\xff\xff\xff\xff\xff\xff\xff\xff\xff\xff\xff\xff\xff\xff\xff\xff\xff\xff\xff\xff\xff\xff\xff\xff\xff\xff\xff\xff\xff\xff\xff\xff\xff\xff\xff\xff\xff\xff\xff\xff\xff\xff\xff\xff\xff\xff\xff\xff\xff\xff\xff\xff\xff\xff\xff\xff\xff\xff\xff\xff\xff\xff\xff\xff\xff\xff\xff\xff\xff\xff\xff\xff\xff\xff\xff\xff\xff\xff\xff\xff\xff\xff\xff\xff\xff\xff\xff\xff\xff\xff\xff\xff\xff\xff\xff\xff\xff\xff\xff\xff\xff\xff\xff\xff\xff\xff\xff\xff\xff\xff\xff\xff\xff\xff\xff\xff\xff\xff\xff\xff\xff\xff\xff\xff\xff\xff\xff\xff\xff\xff\xff\xff\xff\xff\xff\xff\xff\xff\xff\xff\xff\xff\xff\xff\xff\xff\xff\xff\xff\xff\xff\xff\xff\xff\xff\xff\xff\xff\xff\xff\xff\xff\xffe\x0b___\xff\xff\xff\xff\x7f\x0b___\x7f\x0b___M\x0b___M\x0b___p\x0b___>\x0b___\x8c\x0b___e\x0b___>\x0b___\x7f\x0b___M\x0b___p\x0b___>\x0b___\x8c\x0b___\xe2\x0b___\xf3\x0b___\xd4\x0b___\xd4\x0b___\xd4\x0b___\xfc\x0b___\xff\xff\xff\xff\xff\xff\xff\xff\xff\xff\xff\xff\xff\xff\xff\xff\xff\xff\xff\xff\xff\xff\xff\xff\xff\xff\xff\xff\xff\xff\xff\xff\xff\xff\xff\xff\xff\xff\xff\xff\xff\xff\xff\xff\xff\xff\xff\xff\xff\xff\xff\xff\xff\xff\xff\xff\xff\xff\xff\xff\xff\xff\xff\xff\xff\xff\xff\xff\xff\xff\xff\xff\xff\xff\xff\xff\xff\xff\xff\xff\xff\xff\xff\xff\xff\xff\xff\xff\xff\xff\xff\xff\xff\xff\xff\xff\xff\xff\xff\xff\xff\xff\xff\xff\xff\xff\xff\xff\xff\xff\xff\xff\xff\xff\xff\xff\xff\xff\xff\xff\xff\xff\xff\xff\xff\xff\xff\xff\xff\xff\xff\xff\xff\xff\xff\xff\xff\xff\xff\xff\xff\xff\xff\xff\xff\xff\xff\xff\xff\xff\xff\xff\xff\xff\xff\xff\xff\xff\xff\xff\xff\xff\xff\xff\xff\xff\xff\xff\xff\xff\xff\xff\xff\xff\xff\xff\xff\xff\xff\xff\xff\xff\xff\xff\xa7\t___\xff\xff\xff\xff\xb4\t___\xb4\t___\xa0\t___\xa0\t___\xad\t___\x9b\t___\xb8\t___\xa7\t___\x9b\t___\xb4\t___\xa0\t___\xad\t___\x9b\t___\xb8\t___+\x0c___;\x0c___\x1e\x0c___\x1e\x0c___\x1e\x0c___\xff\xff\xff\xff\xff\xff\xff\xff\xff\xff\xff\xff\xff\xff\xff\xff\xff\xff\xff\xff\xff\xff\xff\xff\xff\xff\xff\xff\xff\xff\xff\xff\xff\xff\xff\xff\xff\xff\xff\xff\xff\xff\xff\xff\xff\xff\xff\xff\xff\xff\xff\xff\xff\xff\xff\xff\xff\xff\xff\xff\xff\xff\xff\xff\xff\xff\xff\xff\xff\xff\xff\xff\xff\xff\xff\xff\xff\xff\xff\xff\xff\xff\xff\xff\xff\xff\xff\xff\xff\xff\xff\xff\xff\xff\xff\xff\xff\xff\xff\xff\xff\xff\xff\xff\xff\xff\xff\xff\xff\xff\xff\xff\xff\xff\xff\xffG\x0c___]\x0c___y\x0c___y\x0c___\x8d\x0c___\x8d\x0c___\xa3\x0c___]\x0c___\xaf\x0c___\xff\xff\xff\xff\xff\xff\xff\xff\xff\xff\xff\xff\xff\xff\xff\xff\xff\xff\xff\xff\xff\xff\xff\xff\xff\xff\xff\xff\xff\xff\xff\xff\xff\xff\xff\xff\xff\xff\xff\xff\xff\xff\xff\xff\xff\xff\xff\xff\xff\xff\xff\xff\xff\xff\xff\xff\xff\xff\xff\xff\xff\xff\xff\xff\xff\xff\xff\xff\xff\xff\xff\xff\xff\xff\xff\xff\xff\xff\xff\xff\xff\xff\xff\xff\xff\xff\xff\xff\xff\xff\xff\xff\xff\xff\xff\xff\xff\xff\xff\xff\xff\xff\xff\xff\xff\xff\xff\xff\xff\xff\xff\xff\xff\xff\xff\xff\xff\xff\xff\xff\xff\xff\xff\xff\xff\xff\xff\xff\xff\xff\xff\xff\xff\xff\xff\xff\xff\xff\xff\xff\xff\xff\xff\xff\xff\xff\xff\xff\xff\xff\xff\xff\xff\xff\xff\xff\xff\xff\xff\xff\xff\xff\xff\xff\xff\xff\xff\xff\xff\xff\xff\xff\xff\xff\xff\xff\xff\xff\xff\xff\xff\xff\xff\xff\xff\xff\xff\xff\xff\xff\xff\xff\xff\xff\xff\xff\xff\xff\xff\xff\xff\xff\xff\xff\xff\xff\xff\xff\xff\xff\xff\xff\xff\xff\xff\xff\xff\xff\xff\xff\xff\xff\xff\xff\xff\xff\xff\xff\xff\xff\xff\xff\xff\xff\xff\xff\xff\xff\xff\xff\xff\xff\xff\xff\xff\xff\xff\xff\xff\xff\xff\xff\xff\xff\xff\xff\xff\xff\xff\xff\xff\xff\xff\xff\xff\xff\xff\xff\xff\xff\xff\xff\xff\xff\xff\xff\xff\xff\xff\xff\xff\xff\xff\xff\xff\xff\xff\xff\xff\xff\xff\xff\xff\xff\xff\xff\xff\xff\xff\xff\xff\xff\xff\xff\xff\xff\xff\xff\x14\r___\xff\xff\xff\xff?\r___?\r___\xfc\x0c___\xfc\x0c___)\r___\xe7\x0c___W\r___\x14\r___\xe7\x0c___?\r___\xfc\x0c___)\r___\xe7\x0c___W\r___x\r___\x88\r___\xda\x0c___\xda\x0c___\xda\x0c___\xff\xff\xff\xff\xff\xff\xff\xff\xff\xff\xff\xff\xff\xff\xff\xff\xff\xff\xff\xff\xff\xff\xff\xff\xff\xff\xff\xff\xff\xff\xff\xff\xff\xff\xff\xff\xff\xff\xff\xff\xff\xff\xff\xff\xff\xff\xff\xff\xff\xff\xff\xff\xff\xff\xff\xff\xff\xff\xff\xff\xff\xff\xff\xff\xff\xff\xff\xff\xff\xff\xff\xff\xff\xff\xff\xff\xff\xff\xff\xff\xff\xff\xff\xff\xff\xff\xff\xff\xff\xff\xff\xff\xff\xff\xff\xff\xff\xff\xff\xff\xff\xff\xff\xff\xff\xff\xff\xff\xff\xff\xff\xff\xff\xff\xff\xff\xff\xff\xff\xff\xff\xff\xff\xff\xff\xff\xff\xff\xff\xff\xff\xff\xff\xff\xff\xff\xff\xff\xff\xff\xff\xff\xff\xff\xff\xff\xff\xff\xff\xff\xff\xff\xff\xff\xff\xff\xff\xff\xff\xff\xff\xff\xff\xff\xff\xff\xff\xff\xff\xff\xff\xff\xff\xff\xff\xff\xff\xff\xff\xff\xff\xff\xff\xff\xff\xff\xff\xffi\x06___\xff\xff\xff\xff\x92\x06___\x92\x06___R\x06___R\x06___{\x06___>\x06___\xaf\x06___i\x06___>\x06___\x92\x06___R\x06___{\x06___>\x06___\xaf\x06___\xc5\x06___\xd6\x06___0\x06___0\x06___0\x06___\xdf\x06___\xff\xff\xff\xff\xff\xff\xff\xff\xff\xff\xff\xff\xff\xff\xff\xff\xff\xff\xff\xff\xff\xff\xff\xff\xff\xff\xff\xff\xff\xff\xff\xff\xff\xff\xff\xff\xff\xff\xff\xff\xff\xff\xff\xff\xff\xff\xff\xff\xff\xff\xff\xff\xff\xff\xff\xff\xff\xff\xff\xff\xff\xff\xff\xff\xff\xff\xff\xff\xff\xff\xff\xff\xff\xff\xff\xff\xff\xff\xff\xff\xff\xff\xff\xff\xff\xff\xff\xff\xff\xff\xff\xff\xff\xff\xff\xff\xff\xff\xff\xff\xff\xff\xff\xff\xff\xff\xff\xff\xff\xff\xff\xff\xff\xff\xff\xff\xff\xff\xff\xff\xff\xff\xff\xff\xff\xff\xff\xff\xff\xff\xff\xff\xff\xff\xff\xff\xff\xff\xff\xff\xff\xff\xff\xff\xff\xff\xff\xff\xff\xff\xff\xff\xff\xff\xff\xff\xff\xff\xff\xff\xff\xff\xff\xff\xff\xff\xff\xff\xff\xff\xff\xff\xff\xff\xff\xff\xff\xff\xff\xff\xff\xff\xff\xff\xef\x04___\xff\xff\xff\xff\x1a\x05___\x1a\x05___\xd4\x04___\xd4\x04___\x05___\xbf\x04___8\x05___\xef\x04___\xbf\x04___\x1a\x05___\xd4\x04___\x05___\xbf\x04___8\x05___\xa5\r___\xb6\r___\x97\r___\x97\r___\x97\r___\xff\xff\xff\xff\xff\xff\xff\xff\xff\xff\xff\xff\xff\xff\xff\xff\xff\xff\xff\xff\xff\xff\xff\xff\xff\xff\xff\xff\xff\xff\xff\xff\xff\xff\xff\xff\xff\xff\xff\xff\xff\xff\xff\xff\xff\xff\xff\xff\xff\xff\xff\xff\xff\xff\xff\xff\xff\xff\xff\xff\xff\xff\xff\xff\xff\xff\xff\xff\xff\xff\xff\xff\xff\xff\xff\xff\xff\xff\xff\xff\xff\xff\xff\xff\xff\xff\xff\xff\xff\xff\xff\xff\xff\xff\xff\xff\xff\xff\xff\xff\xff\xff\xff\xff\xff\xff\xff\xff\xff\xff\xff\xff\xff\xff\xff\xff\xff\xff\xff\xff\xff\xff\xff\xff\xff\xff\xff\xff\xff\xff\xff\xff\xff\xff\xff\xff\xff\xff\xff\xff\xff\xff\xff\xff\xff\xff\xff\xff\xff\xff\xff\xff\xff\xff\xff\xff\xff\xff\xff\xff\xff\xff\xff\xff\xff\xff\xff\xff\xff\xff\xff\xff\xff\xff\xff\xff\xff\xff\xff\xff\xff\xff\xff\xff\xff\xff\xff\xff;\x04___\xff\xff\xff\xffX\x04___X\x04___-\x04___-\x04___J\x04___""\x04___e\x04___;\x04___""\x04___X\x04___-\x04___J\x04___""\x04___e\x04___y\x04___\x8a\x04___\x14\x04___\x14\x04___\x14\x04___\x93\x04___\xff\xff\xff\xff\xff\xff\xff\xff\xff\xff\xff\xff\xff\xff\xff\xff\xff\xff\xff\xff\xff\xff\xff\xff\xff\xff\xff\xff\xff\xff\xff\xff\xff\xff\xff\xff\xff\xff\xff\xff\xff\xff\xff\xff\xff\xff\xff\xff\xff\xff\xff\xff\xff\xff\xff\xff\xff\xff\xff\xff\xff\xff\xff\xff\xff\xff\xff\xff\xff\xff\xff\xff\xff\xff\xff\xff\xff\xff\xff\xff\xff\xff\xff\xff\xff\xff\xff\xff\xff\xff\xff\xff\xff\xff\xff\xff\xff\xff\xff\xff\xff\xff\xff\xff\xff\xff\xff\xff\xff\xff\xff\xffM\x02___M\x02___M\x02___M\x02___M\x02___M\x02___M\x02___M\x02___M\x02___\xff\xff\xff\xff\xff\xff\xff\xff\xff\xff\xff\xff\xff\xff\xff\xff\xff\xff\xff\xff\xff\xff\xff\xff\xff\xff\xff\xff\xff\xff\xff\xff\xff\xff\xff\xff\xf2\r___\xff\xff\xff\xff\x15\x0e___\x15\x0e___\xdf\r___\xdf\r___\x02\x0e___\xd2\r___*\x0e___\xf2\r___\xd2\r___\x15\x0e___\xdf\r___\x02\x0e___\xd2\r___*\x0e___@\x0e___P\x0e___\xc5\r___\xc5\r___\xc5\r___\xff\xff\xff\xff\xff\xff\xff\xff\xff\xff\xff\xff\xff\xff\xff\xff\xff\xff\xff\xff\xff\xff\xff\xff\xff\xff\xff\xff\xff\xff\xff\xff\xff\xff\xff\xff\xff\xff\xff\xff\xff\xff\xff\xff\xff\xff\xff\xff\xff\xff\xff\xff\xff\xff\xff\xff\xff\xff\xff\xff\xff\xff\xff\xff\xff\xff\xff\xff\xff\xff\xff\xff\xff\xff\xff\xff\xff\xff\xff\xff\xff\xff\xff\xff\xff\xff\xff\xff\xff\xff\xff\xff\xff\xff\xff\xff\xff\xff\xff\xff\xff\xff\xff\xff\xff\xff\xff\xff\xff\xff\xff\xff\xff\xff\xff\xff{\x02___{\x02___{\x02___{\x02___{\x02___{\x02___{\x02___{\x02___{\x02___\xff\xff\xff\xff\xff\xff\xff\xff\xff\xff\xff\xff\xff\xff\xff\xff\xff\xff\xff\xff\xff\xff\xff\xff\xff\xff\xff\xff\xff\xff\xff\xff\xff\xff\xff\xff\xf2\r___\xff\xff\xff\xff\x15\x0e___\x15\x0e___\xdf\r___\xdf\r___\x02\x0e___\xd2\r___*\x0e___\xf2\r___\xd2\r___\x15\x0e___\xdf\r___\x02\x0e___\xd2\r___*\x0e___f\x0e___v\x0e___Y\x0e___Y\x0e___Y\x0e___\xff\xff\xff\xff\xff\xff\xff\xff\xff\xff\xff\xff\xff\xff\xff\xff\xff\xff\xff\xff\xff\xff\xff\xff\xff\xff\xff\xff\xff\xff\xff\xff\xff\xff\xff\xff\xff\xff\xff\xff\xff\xff\xff\xff\xff\xff\xff\xff\xff\xff\xff\xff\xff\xff\xff\xff\xff\xff\xff\xff\xff\xff\xff\xff\xff\xff\xff\xff\xff\xff\xff\xff\xff\xff\xff\xff\xff\xff\xff\xff\xff\xff\xff\xff\xff\xff\xff\xff\xff\xff\xff\xff\xff\xff\xff\xff\xff\xff\xff\xff\xff\xff\xff\xff\xff\xff\xff\xff\xff\xff\xff\xff\xff\xff\xff\xff\xa5\x0e___\xa5\x0e___\xa5\x0e___\xa5\x0e___\xa5\x0e___\xa5\x0e___\xa5\x0e___\xa5\x0e___\xa5\x0e___\xff\xff\xff\xff\xff\xff\xff\xff\xff\xff\xff\xff\xff\xff\xff\xff\xff\xff\xff\xff\xff\xff\xff\xff\xff\xff\xff\xff\xff\xff\xff\xff\xff\xff\xff\xff\xf2\r___\xff\xff\xff\xff\x15\x0e___\x15\x0e___\xdf\r___\xdf\r___\x02\x0e___\xd2\r___*\x0e___\xf2\r___\xd2\r___\x15\x0e___\xdf\r___\x02\x0e___\xd2\r___*\x0e___\x8c\x0e___\x9c\x0e___\x7f\x0e___\x7f\x0e___\x7f\x0e___\xff\xff\xff\xff\xff\xff\xff\xff\xff\xff\xff\xff\xff\xff\xff\xff\xff\xff\xff\xff\xff\xff\xff\xff\xff\xff\xff\xff\xff\xff\xff\xff\xff\xff\xff\xff\xff\xff\xff\xff\xff\xff\xff\xff\xff\xff\xff\xff\xff\xff\xff\xff\xff\xff\xff\xff\xff\xff\xff\xff\xff\xff\xff\xff\xff\xff\xff\xff\xff\xff\xff\xff\xff\xff\xff\xff\xff\xff\xff\xff\xff\xff\xff\xff\xff\xff\xff\xff\xff\xff\xff\xff\xff\xff\xff\xff\xff\xff\xff\xff\xff\xff\xff\xff\xff\xff\xff\xff\xff\xff\xff\xff\xff\xff\xff\xff\xa9\x02___\xa9\x02___\xa9\x02___\xa9\x02___\xa9\x02___\xa9\x02___\xa9\x02___\xa9\x02___\xa9\x02___\xff\xff\xff\xff\xff\xff\xff\xff\xff\xff\xff\xff\xff\xff\xff\xff\xff\xff\xff\xff\xff\xff\xff\xff\xff\xff\xff\xff\xff\xff\xff\xff\xff\xff\xff\xff\xf2\r___\xff\xff\xff\xff\x15\x0e___\x15\x0e___\xdf\r___\xdf\r___\x02\x0e___\xd2\r___*\x0e___\xf2\r___\xd2\r___\x15\x0e___\xdf\r___\x02\x0e___\xd2\r___*\x0e___\xba\x0e___\xca\x0e___\xad\x0e___\xad\x0e___\xad\x0e___\xff\xff\xff\xff\xff\xff\xff\xff\xff\xff\xff\xff\xff\xff\xff\xff\xff\xff\xff\xff\xff\xff\xff\xff\xff\xff\xff\xff\xff\xff\xff\xff\xff\xff\xff\xff\xff\xff\xff\xff\xff\xff\xff\xff\xff\xff\xff\xff\xff\xff\xff\xff\xff\xff\xff\xff\xff\xff\xff\xff\xff\xff\xff\xff\xff\xff\xff\xff\xff\xff\xff\xff\xff\xff\xff\xff\xff\xff\xff\xff\xff\xff\xff\xff\xff\xff\xff\xff\xff\xff\xff\xff\xff\xff\xff\xff\xff\xff\xff\xff\xff\xff\xff\xff\xff\xff\xff\xff\xff\xff\xff\xff\xff\xff\xff\xff\xff\xff\xff\xff\xff\xff\xff\xff\xff\xff\xff\xff\xff\xff\xff\xff\xff\xff\xff\xff\xff\xff\xff\xff\xff\xff\xff\xff\xff\xff\xff\xff\xff\xff\xff\xff\xff\xff\xff\xff\xff\xff\xff\xff\xff\xff\xff\xff\xff\xff\xff\xff\xff\xff\xff\xff\xff\xff\xff\xff\xff\xff\xff\xff\xff\xff\xff\xff\xff\xff\xff\xff\x1d\x03___\xff\xff\xff\xffC\x03___C\x03___$\x03___$\x03___2\x03___\x1d\x03___\x1d\x03___\x1d\x03___\x1d\x03___C\x03___$\x03___2\x03___\x1d\x03___\x1d\x03___\xe4\x0e___\xf5\x0e___\xd6\x0e___\xd6\x0e___\xd6\x0e___\xfe\x0e___\xff\xff\xff\xff\xff\xff\xff\xff\xff\xff\xff\xff\xff\xff\xff\xff\xff\xff\xff\xff\xff\xff\xff\xff\xff\xff\xff\xff\xff\xff\xff\xff\xff\xff\xff\xff\xff\xff\xff\xff\xff\xff\xff\xff\xff\xff\xff\xff\xff\xff\xff\xff\xff\xff\xff\xff\xff\xff\xff\xff\xff\xff\xff\xff\xff\xff\xff\xff\xff\xff\xff\xff\xff\xff\xff\xff\xff\xff\xff\xff\xff\xff\xff\xff\xff\xff\xff\xff\xff\xff\xff\xff\xff\xff\xff\xff\xff\xff\xff\xff\xff\xff\xff\xff\xff\xff\xff\xff\xff\xff\xff\xff\xff\xff\xff\xff\xff\xff\xff\xff\xff\xff\xff\xff\xff\xff\xff\xff\xff\xff\xff\xff\xff\xff\xff\xff\xff\xff\xff\xff\xff\xff\xff\xff\xff\xff\xff\xff\xff\xff\xff\xff\xff\xff\xff\xff\xff\xff\xff\xff\xff\xff\xff\xff\xff\xff\xff\xff\xff\xff\xff\xff\xff\xff\xff\xff\xff\xff\xff\xff\xff\xff\xff\xffB\x0f___\xff\xff\xff\xffc\x0f___c\x0f___0\x0f___0\x0f___M\x0f___$\x0f___t\x0f___B\x0f___$\x0f___c\x0f___0\x0f___M\x0f___$\x0f___t\x0f___\x86\x0f___\x96\x0f___\x17\x0f___\x17\x0f___\x17\x0f___\xff\xff\xff\xff\xff\xff\xff\xff\xff\xff\xff\xff\xff\xff\xff\xff\xff\xff\xff\xff\xff\xff\xff\xff\xff\xff\xff\xff\xff\xff\xff\xff\xff\xff\xff\xff\xff\xff\xff\xff\xff\xff\xff\xff\xff\xff\xff\xff\xff\xff\xff\xff\xff\xff\xff\xff\xff\xff\xff\xff\xff\xff\xff\xff\xff\xff\xff\xff\xff\xff\xff\xff\xff\xff\xff\xff\xff\xff\xff\xff\xff\xff\xff\xff\xff\xff\xff\xff\xff\xff\xff\xff\xff\xff\xff\xff\xff\xff\xff\xff\xff\xff\xff\xff\xff\xff\xff\xff\xff\xff\xff\xff\xff\xff\xff\xff\xff\xff\xff\xff\xff\xff\xff\xff\xff\xff\xff\xff\xff\xff\xff\xff\xff\xff\xff\xff\xff\xff\xff\xff\xff\xff\xff\xff\xff\xff\xff\xff\xff\xff\xff\xff\xff\xff\xff\xff\xff\xff\xff\xff\xff\xff\xff\xff\xff\xff\xff\xff\xff\xff\xff\xff\xff\xff\xff\xff\xff\xff\xff\xff\xff\xff\xff\xff\xff\xff\xff\xffi\x06___\xff\xff\xff\xff\x92\x06___\x92\x06___R\x06___R\x06___{\x06___>\x06___\xaf\x06___i\x06___>\x06___\x92\x06___R\x06___{\x06___>\x06___\xaf\x06___\xb0\x0f___\xc1\x0f___\xa2\x0f___\xa2\x0f___\xa2\x0f___\xca\x0f___\xff\xff\xff\xff\xff\xff\xff\xff\xff\xff\xff\xff\xff\xff\xff\xff\xff\xff\xff\xff\xff\xff\xff\xff\xff\xff\xff\xff\xff\xff\xff\xff\xff\xff\xff\xff\xff\xff\xff\xff\xff\xff\xff\xff\xff\xff\xff\xff\xff\xff\xff\xff\xff\xff\xff\xff\xff\xff\xff\xff\xff\xff\xff\xff\xff\xff\xff\xff\xff\xff\xff\xff\xff\xff\xff\xff\xff\xff\xff\xff\xff\xff\xff\xff\xff\xff\xff\xff\xff\xff\xff\xff\xff\xff\xff\xff\xff\xff\xff\xff\xff\xff\xff\xff\xff\xff\xff\xff\xff\xff\xff\xff\xff\xff\xff\xff\xff\xff\xff\xff\xff\xff\xff\xff\xff\xff\xff\xff\xff\xff\xff\xff\xff\xff\xff\xff\xff\xff\xff\xff\xff\xff\xff\xff\xff\xff\xff\xff\xff\xff\xff\xff\xff\xff\xff\xff\xff\xff\xff\xff\xff\xff\xff\xff\xff\xff\xff\xff\xff\xff\xff\xff\xff\xff\xff\xff\xff\xff\xff\xff\xff\xff\xff\xff\x13\x10___\xff\xff\xff\xff@\x10___@\x10___\xfc\x0f___\xfc\x0f___$\x10___\xeb\x0f___Z\x10___\x13\x10___\xeb\x0f___@\x10___\xfc\x0f___$\x10___\xeb\x0f___Z\x10___j\x10___{\x10___\xdd\x0f___\xdd\x0f___\xdd\x0f___\xff\xff\xff\xff\xff\xff\xff\xff\xff\xff\xff\xff\xff\xff\xff\xff\xff\xff\xff\xff\xff\xff\xff\xff\xff\xff\xff\xff\xff\xff\xff\xff\xff\xff\xff\xff\xff\xff\xff\xff\xff\xff\xff\xff\xff\xff\xff\xff\xff\xff\xff\xff\xff\xff\xff\xff\xff\xff\xff\xff\xff\xff\xff\xff\xff\xff\xff\xff\xff\xff\xff\xff\xff\xff\xff\xff\xff\xff\xff\xff\xff\xff\xff\xff\xff\xff\xff\xff\xff\xff\xff\xff\xff\xff\xff\xff\xff\xff\xff\xff\xff\xff\xff\xff\xff\xff\xff\xff\xff\xff\xff\xff\xff\xff\xff\xff\x18\x11___\x18\x11___\x18\x11___\x18\x11___\x18\x11___\x18\x11___\x18\x11___\x18\x11___\x18\x11___\xff\xff\xff\xff\xff\xff\xff\xff\xff\xff\xff\xff\xff\xff\xff\xff\xff\xff\xff\xff\xff\xff\xff\xff\xff\xff\xff\xff\xff\xff\xff\xff\xff\xff\xff\xff\xb8\x10___\xff\xff\xff\xff\xd9\x10___\xd9\x10___\x9f\x10___\x9f\x10___\xc4\x10___\x94\x10___\xec\x10___\xb8\x10___\x94\x10___\xd9\x10___\x9f\x10___\xc4\x10___\x94\x10___\xec\x10___\xff\x10___\x0f\x11___\x87\x10___\x87\x10___\x87\x10___\xff\xff\xff\xff\xff\xff\xff\xff\xff\xff\xff\xff\xff\xff\xff\xff\xff\xff\xff\xff\xff\xff\xff\xff\xff\xff\xff\xff\xff\xff\xff\xff\xff\xff\xff\xff\xff\xff\xff\xff\xff\xff\xff\xff\xff\xff\xff\xff\xff\xff\xff\xff\xff\xff\xff\xff\xff\xff\xff\xff\xff\xff\xff\xff\xff\xff\xff\xff\xff\xff\xff\xff\xff\xff\xff\xff\xff\xff\xff\xff\xff\xff\xff\xff\xff\xff\xff\xff\xff\xff\xff\xff\xff\xff\xff\xff\xff\xff\xff\xff\xff\xff\xff\xff\xff\xff\xff\xff\xff\xff\xff\xff\xff\xff\xff\xff\xff\xff\xff\xff\xff\xff\xff\xff\xff\xff\xff\xff\xff\xff\xff\xff\xff\xff\xff\xff\xff\xff\xff\xff\xff\xff\xff\xff\xff\xff\xff\xff\xff\xff\xff\xff\xff\xff\xff\xff\xff\xff\xff\xff\xff\xff\xff\xff\xff\xff\xff\xff\xff\xff\xff\xff\xff\xff\xff\xff\xff\xff\xff\xff\xff\xff\xff\xff\xff\xff\xff\xffI\x11___\xff\xff\xff\xffg\x11___g\x11___8\x11___8\x11___S\x11___.\x11___y\x11___I\x11___.\x11___g\x11___8\x11___S\x11___.\x11___y\x11___\x8c\x11___\x9d\x11___ \x11___ \x11___ \x11___\xa6\x11___\xff\xff\xff\xff\xff\xff\xff\xff\xff\xff\xff\xff\xff\xff\xff\xff\xff\xff\xff\xff\xff\xff\xff\xff\xff\xff\xff\xff\xff\xff\xff\xff\xff\xff\xff\xff\xff\xff\xff\xff\xff\xff\xff\xff\xff\xff\xff\xff\xff\xff\xff\xff\xff\xff\xff\xff\xff\xff\xff\xff\xff\xff\xff\xff\xff\xff\xff\xff\xff\xff\xff\xff\xff\xff\xff\xff\xff\xff\xff\xff\xff\xff\xff\xff\xff\xff\xff\xff\xff\xff\xff\xff\xff\xff\xff\xff\xff\xff\xff\xff\xff\xff\xff\xff\xff\xff\xff\xff\xff\xff\xff\xff\xff\xff\xff\xff\xff\xff\xff\xff\xff\xff\xff\xff\xff\xff\xff\xff\xff\xff\xff\xff\xff\xff\xff\xff\xff\xff\xff\xff\xff\xff\xff\xff\xff\xff\xff\xff\xff\xff\xff\xff\xff\xff\xff\xff\xff\xff\xff\xff\xff\xff\xff\xff\xff\xff\xff\xff\xff\xff\xff\xff\xff\xff\xff\xff\xff\xff\xff\xff\xff\xff\xff\xffI\x11___\xff\xff\xff\xffg\x11___g\x11___8\x11___8\x11___S\x11___.\x11___y\x11___I\x11___.\x11___g\x11___8\x11___S\x11___.\x11___y\x11___\x8c\x11___\x9d\x11___ \x11___ \x11___ \x11___\xa6\x11___\xff\xff\xff\xff\xff\xff\xff\xff\xff\xff\xff\xff\xff\xff\xff\xff\xff\xff\xff\xff\xff\xff\xff\xff\xff\xff\xff\xff\xff\xff\xff\xff\xff\xff\xff\xff\xff\xff\xff\xff\xff\xff\xff\xff\xff\xff\xff\xff\xff\xff\xff\xff\xff\xff\xff\xff\xff\xff\xff\xff\xff\xff\xff\xff\xff\xff\xff\xff\xff\xff\xff\xff\xff\xff\xff\xff\xff\xff\xff\xff\xff\xff\xff\xff\xff\xff\xff\xff\xff\xff\xff\xff\xff\xff\xff\xff\xff\xff\xff\xff\xff\xff\xff\xff\xff\xff\xff\xff\xff\xff\xff\xff\xff\xff\xff\xff\xff\xff\xff\xff\xff\xff\xff\xff\xff\xff\xff\xff\xff\xff\xff\xff\xff\xff\xff\xff\xff\xff\xff\xff\xff\xff\xff\xff\xff\xff\xff\xff\xff\xff\xff\xff\xff\xff\xff\xff\xff\xff\xff\xff\xff\xff\xff\xff\xff\xff\xff\xff\xff\xff\xff\xff\xff\xff\xff\xff\xff\xff\xff\xff\xff\xff\xff\xff\xf0\x11___\xff\xff\xff\xff\r\x12___\r\x12___\xd9\x11___\xd9\x11___\xfb\x11___\xca\x11___!\x12___\xf0\x11___\xca\x11___\r\x12___\xd9\x11___\xfb\x11___\xca\x11___!\x12___3\x12___C\x12___\xbd\x11___\xbd\x11___\xbd\x11___\xff\xff\xff\xff\xff\xff\xff\xff\xff\xff\xff\xff\xff\xff\xff\xff\xff\xff\xff\xff\xff\xff\xff\xff\xff\xff\xff\xff\xff\xff\xff\xff\xff\xff\xff\xff\xff\xff\xff\xff\xff\xff\xff\xff\xff\xff\xff\xff\xff\xff\xff\xff\xff\xff\xff\xff\xff\xff\xff\xff\xff\xff\xff\xff\xff\xff\xff\xff\xff\xff\xff\xff\xff\xff\xff\xff\xff\xff\xff\xff\xff\xff\xff\xff\xff\xff\xff\xff\xff\xff\xff\xff\xff\xff\xff\xff\xff\xff\xff\xff\xff\xff\xff\xff\xff\xff\xff\xff\xff\xff\xff\xff\xff\xff\xff\xff\xff\xff\xff\xff\xff\xff\xff\xff\xff\xff\xff\xff\xff\xff\xff\xff\xff\xff\xff\xff\xff\xff\xff\xff\xff\xff\xff\xff\xff\xff\xff\xff\xff\xff\xff\xff\xff\xff\xff\xff\xff\xff\xff\xff\xff\xff\xff\xff\xff\xff\xff\xff\xff\xff\xff\xff\xff\xff\xff\xff\xff\xff\xff\xff\xff\xff\xff\xff\xff\xff\xff\xffz\x12___\xff\xff\xff\xff\x97\x12___\x97\x12___j\x12___j\x12___\x87\x12___]\x12___\xa5\x12___z\x12___]\x12___\x97\x12___j\x12___\x87\x12___]\x12___\xa5\x12___\xb9\x12___\xca\x12___O\x12___O\x12___O\x12___\xd3\x12___\xff\xff\xff\xff\xff\xff\xff\xff\xff\xff\xff\xff\xff\xff\xff\xff\xff\xff\xff\xff\xff\xff\xff\xff\xff\xff\xff\xff\xff\xff\xff\xff\xff\xff\xff\xff\xff\xff\xff\xff\xff\xff\xff\xff\xff\xff\xff\xff\xff\xff\xff\xff\xff\xff\xff\xff\xff\xff\xff\xff\xff\xff\xff\xff\xff\xff\xff\xff\xff\xff\xff\xff\xff\xff\xff\xff\xff\xff\xff\xff\xff\xff\xff\xff\xff\xff\xff\xff\xff\xff\xff\xff\xff\xff\xff\xff\xff\xff\xff\xff\xff\xff\xff\xff\xff\xff\xff\xff\xff\xff\xff\xff\xff\xff\xff\xff\xff\xff\xff\xff\xff\xff\xff\xff\xff\xff\xff\xff\xff\xff\xff\xff\xff\xff\xff\xff\xff\xff\xff\xff\xff\xff\xff\xff\xff\xff\xff\xff\xff\xff\xff\xff\xff\xff\xff\xff\xff\xff\xff\xff\xff\xff\xff\xff\xff\xff\xff\xff\xff\xff\xff\xff\xff\xff\xff\xff\xff\xff\xff\xff\xff\xff\xff\xff\x1d\x03___\xff\xff\xff\xffC\x03___C\x03___$\x03___$\x03___2\x03___\x1d\x03___\x1d\x03___\x1d\x03___\x1d\x03___C\x03___$\x03___2\x03___\x1d\x03___\x1d\x03___\xf7\x12___\x08\x13___\xe9\x12___\xe9\x12___\xe9\x12___\x11\x13___\xff\xff\xff\xff\xff\xff\xff\xff\xff\xff\xff\xff\xff\xff\xff\xff\xff\xff\xff\xff\xff\xff\xff\xff\xff\xff\xff\xff\xff\xff\xff\xff\xff\xff\xff\xff\xff\xff\xff\xff\xff\xff\xff\xff\xff\xff\xff\xff\xff\xff\xff\xff\xff\xff\xff\xff\xff\xff\xff\xff\xff\xff\xff\xff\xff\xff\xff\xff\xff\xff\xff\xff\xff\xff\xff\xff\xff\xff\xff\xff\xff\xff\xff\xff\xff\xff\xff\xff\xff\xff\xff\xff\xff\xff\xff\xff\xff\xff\xff\xff\xff\xff\xff\xff\xff\xff\xff\xff\xff\xff\xff\xff\xff\xff\xff\xff\xff\xff\xff\xff\xff\xff\xff\xff\xff\xff\xff\xff\xff\xff\xff\xff\xff\xff\xff\xff\xff\xff\xff\xff\xff\xff\xff\xff\xff\xff\xff\xff\xff\xff\xff\xff\xff\xff\xff\xff\xff\xff\xff\xff\xff\xff\xff\xff\xff\xff\xff\xff\xff\xff\xff\xff\xff\xff\xff\xff\xff\xff\xff\xff\xff\xff\xff\xffV\x13___\xff\xff\xff\xffj\x13___j\x13___E\x13___E\x13___`\x13___9\x13___z\x13___V\x13___9\x13___j\x13___E\x13___`\x13___9\x13___z\x13___\x8b\x13___\x9c\x13___+\x13___+\x13___+\x13___\xa5\x13___\xff\xff\xff\xff\xff\xff\xff\xff\xff\xff\xff\xff\xff\xff\xff\xff\xff\xff\xff\xff\xff\xff\xff\xff\xff\xff\xff\xff\xff\xff\xff\xff\xff\xff\xff\xff\xff\xff\xff\xff\xff\xff\xff\xff\xff\xff\xff\xff\xff\xff\xff\xff\xff\xff\xff\xff\xff\xff\xff\xff\xff\xff\xff\xff\xff\xff\xff\xff\xff\xff\xff\xff\xff\xff\xff\xff\xff\xff\xff\xff\xff\xff\xff\xff\xff\xff\xff\xff\xff\xff\xff\xff\xff\xff\xff\xff\xff\xff\xff\xff\xff\xff\xff\xff\xff\xff\xff\xff\xff\xff\xff\xff\xff\xff\xff\xff\xff\xff\xff\xff\xff\xff\xff\xff\xff\xff\xff\xff\xff\xff\xff\xff\xff\xff\xff\xff\xff\xff\xff\xff\xff\xff\xff\xff\xff\xff\xff\xff\xff\xff\xff\xff\xff\xff\xff\xff\xff\xff\xff\xff\xff\xff\xff\xff\xff\xff\xff\xff\xff\xff\xff\xff\xff\xff\xff\xff\xff\xff\xff\xff\xff\xff\xff\xff\xed\x13___\xff\xff\xff\xff\x07\x14___\x07\x14___\xdb\x13___\xdb\x13___\xf8\x13___\xcc\x13___\x1a\x14___\xed\x13___\xcc\x13___\x07\x14___\xdb\x13___\xf8\x13___\xcc\x13___\x1a\x14___/\x14___@\x14___\xbe\x13___\xbe\x13___\xbe\x13___\xff\xff\xff\xff\xff\xff\xff\xff\xff\xff\xff\xff\xff\xff\xff\xff\xff\xff\xff\xff\xff\xff\xff\xff\xff\xff\xff\xff\xff\xff\xff\xff\xff\xff\xff\xff\xff\xff\xff\xff\xff\xff\xff\xff\xff\xff\xff\xff\xff\xff\xff\xff\xff\xff\xff\xff\xff\xff\xff\xff\xff\xff\xff\xff\xff\xff\xff\xff\xff\xff\xff\xff\xff\xff\xff\xff\xff\xff\xff\xff\xff\xff\xff\xff\xff\xff\xff\xff\xff\xff\xff\xff\xff\xff\xff\xff\xff\xff\xff\xff\xff\xff\xff\xff\xff\xff\xff\xff\xff\xff\xff\xff\xff\xff\xff\xff\xff\xff\xff\xff\xff\xff\xff\xff\xff\xff\xff\xff\xff\xff\xff\xff\xff\xff\xff\xff\xff\xff\xff\xff\xff\xff\xff\xff\xff\xff\xff\xff\xff\xff\xff\xff\xff\xff\xff\xff\xff\xff\xff\xff\xff\xff\xff\xff\xff\xff\xff\xff\xff\xff\xff\xff\xff\xff\xff\xff\xff\xff\xff\xff\xff\xff\xff\xff\xff\xff\xff\xffz\x12___\xff\xff\xff\xff\x97\x12___\x97\x12___j\x12___j\x12___\x87\x12___]\x12___\xa5\x12___z\x12___]\x12___\x97\x12___j\x12___\x87\x12___]\x12___\xa5\x12___Z\x14___k\x14___L\x14___L\x14___L\x14___t\x14___\xff\xff\xff\xff\xff\xff\xff\xff\xff\xff\xff\xff\xff\xff\xff\xff\xff\xff\xff\xff\xff\xff\xff\xff\xff\xff\xff\xff\xff\xff\xff\xff\xff\xff\xff\xff\xff\xff\xff\xff\xff\xff\xff\xff\xff\xff\xff\xff\xff\xff\xff\xff\xff\xff\xff\xff\xff\xff\xff\xff\xff\xff\xff\xff\xff\xff\xff\xff\xff\xff\xff\xff\xff\xff\xff\xff\xff\xff\xff\xff\xff\xff\xff\xff\xff\xff\xff\xff\xff\xff\xff\xff\xff\xff\xff\xff\xff\xff\xff\xff\xff\xff\xff\xff\xff\xff\xff\xff\xff\xff\xff\xff\xff\xff\xff\xff\xff\xff\xff\xff\xff\xff\xff\xff\xff\xff\xff\xff\xff\xff\xff\xff\xff\xff\xff\xff\xff\xff\xff\xff\xff\xff\xff\xff\xff\xff\xff\xff\xff\xff\xff\xff\xff\xff\xff\xff\xff\xff\xff\xff\xff\xff\xff\xff\xff\xff\xff\xff\xff\xff\xff\xff\xff\xff\xff\xff\xff\xff\xff\xff\xff\xff\xff\xff\xb8\x14___\xff\xff\xff\xff\xd5\x14___\xd5\x14___\xa5\x14___\xa5\x14___\xc6\x14___\x98\x14___\xe8\x14___\xb8\x14___\x98\x14___\xd5\x14___\xa5\x14___\xc6\x14___\x98\x14___\xe8\x14___\xf6\x14___\x07\x15___\x8a\x14___\x8a\x14___\x8a\x14___\x10\x15___\xff\xff\xff\xff\xff\xff\xff\xff\xff\xff\xff\xff\xff\xff\xff\xff\xff\xff\xff\xff\xff\xff\xff\xff\xff\xff\xff\xff\xff\xff\xff\xff\xff\xff\xff\xff\xff\xff\xff\xff\xff\xff\xff\xff\xff\xff\xff\xff\xff\xff\xff\xff\xff\xff\xff\xff\xff\xff\xff\xff\xff\xff\xff\xff\xff\xff\xff\xff\xff\xff\xff\xff\xff\xff\xff\xff\xff\xff\xff\xff\xff\xff\xff\xff\xff\xff\xff\xff\xff\xff\xff\xff\xff\xff\xff\xff\xff\xff\xff\xff\xff\xff\xff\xff\xff\xff\xff\xff\xff\xff\xff\xff\xff\xff\xff\xff\xff\xff\xff\xff\xff\xff\xff\xff\xff\xff\xff\xff\xff\xff\xff\xff\xff\xff\xff\xff\xff\xff\xff\xff\xff\xff\xff\xff\xff\xff\xff\xff\xff\xff\xff\xff\xff\xff\xff\xff\xff\xff\xff\xff\xff\xff\xff\xff\xff\xff\xff\xff\xff\xff\xff\xff\xff\xff\xff\xff\xff\xff\xff\xff\xff\xff\xff\xffZ\x15___\xff\xff\xff\xffx\x15___x\x15___C\x15___C\x15___e\x15___0\x15___\x8f\x15___Z\x15___0\x15___x\x15___C\x15___e\x15___0\x15___\x8f\x15___\xa4\x15___\xb4\x15___#\x15___#\x15___#\x15___\xff\xff\xff\xff\xff\xff\xff\xff\xff\xff\xff\xff\xff\xff\xff\xff\xff\xff\xff\xff\xff\xff\xff\xff\xff\xff\xff\xff\xff\xff\xff\xff\xff\xff\xff\xff\xff\xff\xff\xff\xff\xff\xff\xff\xff\xff\xff\xff\xff\xff\xff\xff\xff\xff\xff\xff\xff\xff\xff\xff\xff\xff\xff\xff\xff\xff\xff\xff\xff\xff\xff\xff\xff\xff\xff\xff\xff\xff\xff\xff\xff\xff\xff\xff\xff\xff\xff\xff\xff\xff\xff\xff\xff\xff\xff\xff\xff\xff\xff\xff\xff\xff\xff\xff\xff\xff\xff\xff\xff\xff\xff\xff\xff\xff\xff\xff\xff\xff\xff\xff\xff\xff\xff\xff\xff\xff\xff\xff\xff\xff\xff\xff\xff\xff\xff\xff\xff\xff\xff\xff\xff\xff\xff\xff\xff\xff\xff\xff\xff\xff\xff\xff\xff\xff\xff\xff\xff\xff\xff\xff\xff\xff\xff\xff\xff\xff\xff\xff\xff\xff\xff\xff\xff\xff\xff\xff\xff\xff\xff\xff\xff\xff\xff\xff\xff\xff\xff\xff\xe9\x15___\xff\xff\xff\xff\x03\x16___\x03\x16___\xdd\x15___\xdd\x15___\xf7\x15___\xcd\x15___\x1a\x16___\xe9\x15___\xcd\x15___\x03\x16___\xdd\x15___\xf7\x15___\xcd\x15___\x1a\x16___3\x16___C\x16___\xc0\x15___\xc0\x15___\xc0\x15___\xff\xff\xff\xff\xff\xff\xff\xff\xff\xff\xff\xff\xff\xff\xff\xff\xff\xff\xff\xff\xff\xff\xff\xff\xff\xff\xff\xff\xff\xff\xff\xff\xff\xff\xff\xff\xff\xff\xff\xff\xff\xff\xff\xff\xff\xff\xff\xff\xff\xff\xff\xff\xff\xff\xff\xff\xff\xff\xff\xff\xff\xff\xff\xff\xff\xff\xff\xff\xff\xff\xff\xff\xff\xff\xff\xff\xff\xff\xff\xff\xff\xff\xff\xff\xff\xff\xff\xff\xff\xff\xff\xff\xff\xff\xff\xff\xff\xff\xff\xff\xff\xff\xff\xff\xff\xff\xff\xff\xff\xff\xff\xff\xff\xff\xff\xff\xff\xff\xff\xff\xff\xff\xff\xff\xff\xff\xff\xff\xff\xff\xff\xff\xff\xff\xff\xff\xff\xff\xff\xff\xff\xff\xff\xff\xff\xff\xff\xff\xff\xff\xff\xff\xff\xff\xff\xff\xff\xff\xff\xff\xff\xff\xff\xff\xff\xff\xff\xff\xff\xff\xff\xff\xff\xff\xff\xff\xff\xff\xff\xff\xff\xff\xff\xff\xff\xff\xff\xff}\x16___\xff\xff\xff\xff\x98\x16___\x98\x16___l\x16___l\x16___\x87\x16___]\x16___\xa7\x16___}\x16___]\x16___\x98\x16___l\x16___\x87\x16___]\x16___\xa7\x16___\xc2\x16___\xd3\x16___O\x16___O\x16___O\x16___\xdc\x16___\xff\xff\xff\xff\xff\xff\xff\xff\xff\xff\xff\xff\xff\xff\xff\xff\xff\xff\xff\xff\xff\xff\xff\xff\xff\xff\xff\xff\xff\xff\xff\xff\xff\xff\xff\xff\xff\xff\xff\xff\xff\xff\xff\xff\xff\xff\xff\xff\xff\xff\xff\xff\xff\xff\xff\xff\xff\xff\xff\xff\xff\xff\xff\xff\xff\xff\xff\xff\xff\xff\xff\xff\xff\xff\xff\xff\xff\xff\xff\xff\xff\xff\xff\xff\xff\xff\xff\xff\xff\xff\xff\xff\xff\xff\xff\xff\xff\xff\xff\xff\xff\xff\xff\xff\xff\xff\xff\xff\xff\xff\xff\xff\xff\xff\xff\xff\xff\xff\xff\xff\xff\xff\xff\xff\xff\xff\xff\xff\xff\xff\xff\xff\xff\xff\xff\xff\xff\xff\xff\xff\xff\xff\xff\xff\xff\xff\xff\xff\xff\xff\xff\xff\xff\xff\xff\xff\xff\xff\xff\xff\xff\xff\xff\xff\xff\xff\xff\xff\xff\xff\xff\xff\xff\xff\xff\xff\xff\xff\xff\xff\xff\xff\xff\xff\x0b\x17___\xff\xff\xff\xff\x1a\x17___\x1a\x17___\x04\x17___\x04\x17___\x12\x17___\xff\x16___ \x17___\x0b\x17___\xff\x16___\x1a\x17___\x04\x17___\x12\x17___\xff\x16___ \x17___\'\x17___7\x17___\xf2\x16___\xf2\x16___\xf2\x16___\xff\xff\xff\xff\xff\xff\xff\xff\xff\xff\xff\xff\xff\xff\xff\xff\xff\xff\xff\xff\xff\xff\xff\xff\xff\xff\xff\xff\xff\xff\xff\xff\xff\xff\xff\xff\xff\xff\xff\xff\xff\xff\xff\xff\xff\xff\xff\xff\xff\xff\xff\xff\xff\xff\xff\xff\xff\xff\xff\xff\xff\xff\xff\xff\xff\xff\xff\xff\xff\xff\xff\xff\xff\xff\xff\xff\xff\xff\xff\xff\xff\xff\xff\xff\xff\xff\xff\xff\xff\xff\xff\xff\xff\xff\xff\xff\xff\xff\xff\xff\xff\xff\xff\xff\xff\xff\xff\xff\xff\xff\xff\xff\xff\xff\xff\xff\xff\xff\xff\xff\xff\xff\xff\xff\xff\xff\xff\xff\xff\xff\xff\xff\xff\xff\xff\xff\xff\xff\xff\xff\xff\xff\xff\xff\xff\xff\xff\xff\xff\xff\xff\xff\xff\xff\xff\xff\xff\xff\xff\xff\xff\xff\xff\xff\xff\xff\xff\xff\xff\xff\xff\xff\xff\xff\xff\xff\xff\xff\xff\xff\xff\xff\xff\xff\xff\xff\xff\xffe\x0b___\xff\xff\xff\xff\x7f\x0b___\x7f\x0b___M\x0b___M\x0b___p\x0b___>\x0b___\x8c\x0b___e\x0b___>\x0b___\x7f\x0b___M\x0b___p\x0b___>\x0b___\x8c\x0b___Q\x17___b\x17___C\x17___C\x17___C\x17___k\x17___\xff\xff\xff\xff\xff\xff\xff\xff\xff\xff\xff\xff\xff\xff\xff\xff\xff\xff\xff\xff\xff\xff\xff\xff\xff\xff\xff\xff\xff\xff\xff\xff\xff\xff\xff\xff\xff\xff\xff\xff\xff\xff\xff\xff\xff\xff\xff\xff\xff\xff\xff\xff\xff\xff\xff\xff\xff\xff\xff\xff\xff\xff\xff\xff\xff\xff\xff\xff\xff\xff\xff\xff\xff\xff\xff\xff\xff\xff\xff\xff\xff\xff\xff\xff\xff\xff\xff\xff\xff\xff\xff\xff\xff\xff\xff\xff\xff\xff\xff\xff\xff\xff\xff\xff\xff\xff\xff\xff\xff\xff\xff\xff\xff\xff\xff\xff\xff\xff\xff\xff\xff\xff\xff\xff\xff\xff\xff\xff\xff\xff\xff\xff\xff\xff\xff\xff\xff\xff\xff\xff\xff\xff\xff\xff\xff\xff\xff\xff\xff\xff\xff\xff\xff\xff\xff\xff\xff\xff\xff\xff\xff\xff\xff\xff\xff\xff\xff\xff\xff\xff\xff\xff\xff\xff\xff\xff\xff\xff\xff\xff\xff\xff\xff\xff\xa7\x17___\xff\xff\xff\xff\xbb\x17___\xbb\x17___\x9b\x17___\x9b\x17___\xb0\x17___\x91\x17___\xc6\x17___\xa7\x17___\x91\x17___\xbb\x17___\x9b\x17___\xb0\x17___\x91\x17___\xc6\x17___\xd1\x17___\xe1\x17___\x84\x17___\x84\x17___\x84\x17___\xff\xff\xff\xff\xff\xff\xff\xff\xff\xff\xff\xff\xff\xff\xff\xff\xff\xff\xff\xff\xff\xff\xff\xff\xff\xff\xff\xff\xff\xff\xff\xff\xff\xff\xff\xff\xff\xff\xff\xff\xff\xff\xff\xff\xff\xff\xff\xff\xff\xff\xff\xff\xff\xff\xff\xff\xff\xff\xff\xff\xff\xff\xff\xff\xff\xff\xff\xff\xff\xff\xff\xff\xff\xff\xff\xff\xff\xff\xff\xff\xff\xff\xff\xff\xff\xff\xff\xff\xff\xff\xff\xff\xff\xff\xff\xff\xff\xff\xff\xff\xff\xff\xff\xff\xff\xff\xff\xff\xff\xff\xff\xff\xff\xff\xff\xff\xff\xff\xff\xff\xff\xff\xff\xff\xff\xff\xff\xff\xff\xff\xff\xff\xff\xff\xff\xff\xff\xff\xff\xff\xff\xff\xff\xff\xff\xff\xff\xff\xff\xff\xff\xff\xff\xff\xff\xff\xff\xff\xff\xff\xff\xff\xff\xff\xff\xff\xff\xff\xff\xff\xff\xff\xff\xff\xff\xff\xff\xff\xff\xff\xff\xff\xff\xff\xff\xff\xff\xff*\x18___\xff\xff\xff\xffM\x18___M\x18___\x0f\x18___\x0f\x18___6\x18___\xfa\x17___k\x18___*\x18___\xfa\x17___M\x18___\x0f\x18___6\x18___\xfa\x17___k\x18___\x8c\x18___\x9c\x18___\xed\x17___\xed\x17___\xed\x17___\xff\xff\xff\xff\xff\xff\xff\xff\xff\xff\xff\xff\xff\xff\xff\xff\xff\xff\xff\xff\xff\xff\xff\xff\xff\xff\xff\xff\xff\xff\xff\xff\xff\xff\xff\xff\xff\xff\xff\xff\xff\xff\xff\xff\xff\xff\xff\xff\xff\xff\xff\xff\xff\xff\xff\xff\xff\xff\xff\xff\xff\xff\xff\xff\xff\xff\xff\xff\xff\xff\xff\xff\xff\xff\xff\xff\xff\xff\xff\xff\xff\xff\xff\xff\xff\xff\xff\xff\xff\xff\xff\xff\xff\xff\xff\xff\xff\xff\xff\xff\xff\xff\xff\xff\xff\xff\xff\xff\xff\xff\xff\xff\xff\xff\xff\xff\xff\xff\xff\xff\xff\xff\xff\xff\xff\xff\xff\xff\xff\xff\xff\xff\xff\xff\xff\xff\xff\xff\xff\xff\xff\xff\xff\xff\xff\xff\xff\xff\xff\xff\xff\xff\xff\xff\xff\xff\xff\xff\xff\xff\xff\xff\xff\xff\xff\xff\xff\xff\xff\xff\xff\xff\xff\xff\xff\xff\xff\xff\xff\xff\xff\xff\xff\xff\xff\xff\xff\xff\x1d\x03___\xff\xff\xff\xffC\x03___C\x03___$\x03___$\x03___2\x03___\x1d\x03___\x1d\x03___\x1d\x03___\x1d\x03___C\x03___$\x03___2\x03___\x1d\x03___\x1d\x03___\xb6\x18___\xc7\x18___\xa8\x18___\xa8\x18___\xa8\x18___\xd0\x18___\xff\xff\xff\xff\xff\xff\xff\xff\xff\xff\xff\xff\xff\xff\xff\xff\xff\xff\xff\xff\xff\xff\xff\xff\xff\xff\xff\xff\xff\xff\xff\xff\xff\xff\xff\xff\xff\xff\xff\xff\xff\xff\xff\xff\xff\xff\xff\xff\xff\xff\xff\xff\xff\xff\xff\xff\xff\xff\xff\xff\xff\xff\xff\xff\xff\xff\xff\xff\xff\xff\xff\xff\xff\xff\xff\xff\xff\xff\xff\xff\xff\xff\xff\xff\xff\xff\xff\xff\xff\xff\xff\xff\xff\xff\xff\xff\xff\xff\xff\xff\xff\xff\xff\xff\xff\xff\xff\xff\xff\xff\xff\xff\xff\xff\xff\xff\xff\xff\xff\xff\xff\xff\xff\xff\xff\xff\xff\xff\xff\xff\xff\xff\xff\xff\xff\xff\xff\xff\xff\xff\xff\xff\xff\xff\xff\xff\xff\xff\xff\xff\xff\xff\xff\xff\xff\xff\xff\xff\xff\xff\xff\xff\xff\xff\xff\xff\xff\xff\xff\xff\xff\xff\xff\xff\xff\xff\xff\xff\xff\xff\xff\xff\xff\xff\x07\x19___\xff\xff\xff\xff\x1d\x19___\x1d\x19___\xfd\x18___\xfd\x18___\x14\x19___\xf9\x18___""\x19___\x07\x19___\xf9\x18___\x1d\x19___\xfd\x18___\x14\x19___\xf9\x18___""\x19___\'\x19___8\x19___\xeb\x18___\xeb\x18___\xeb\x18___\xff\xff\xff\xff\xff\xff\xff\xff\xff\xff\xff\xff\xff\xff\xff\xff\xff\xff\xff\xff\xff\xff\xff\xff\xff\xff\xff\xff\xff\xff\xff\xff\xff\xff\xff\xff\xff\xff\xff\xff\xff\xff\xff\xff\xff\xff\xff\xff\xff\xff\xff\xff\xff\xff\xff\xff\xff\xff\xff\xff\xff\xff\xff\xff\xff\xff\xff\xff\xff\xff\xff\xff\xff\xff\xff\xff\xff\xff\xff\xff\xff\xff\xff\xff\xff\xff\xff\xff\xff\xff\xff\xff\xff\xff\xff\xff\xff\xff\xff\xff\xff\xff\xff\xff\xff\xff\xff\xff\xff\xff\xff\xff\xff\xff\xff\xff\xff\xff\xff\xff\xff\xff\xff\xff\xff\xff\xff\xff\xff\xff\xff\xff\xff\xff\xff\xff\xff\xff\xff\xff\xff\xff\xff\xff\xff\xff\xff\xff\xff\xff\xff\xff\xff\xff\xff\xff\xff\xff\xff\xff\xff\xff\xff\xff\xff\xff\xff\xff\xff\xff\xff\xff\xff\xff\xff\xff\xff\xff\xff\xff\xff\xff\xff\xff\xff\xff\xff\xff`\x19___\xff\xff\xff\xffu\x19___u\x19___X\x19___X\x19___k\x19___Q\x19___\x7f\x19___`\x19___Q\x19___u\x19___X\x19___k\x19___Q\x19___\x7f\x19___\x89\x19___\x99\x19___D\x19___D\x19___D\x19___\xff\xff\xff\xff\xff\xff\xff\xff\xff\xff\xff\xff\xff\xff\xff\xff\xff\xff\xff\xff\xff\xff\xff\xff\xff\xff\xff\xff\xff\xff\xff\xff\xff\xff\xff\xff\xff\xff\xff\xff\xff\xff\xff\xff\xff\xff\xff\xff\xff\xff\xff\xff\xff\xff\xff\xff\xff\xff\xff\xff\xff\xff\xff\xff\xff\xff\xff\xff\xff\xff\xff\xff\xff\xff\xff\xff\xff\xff\xff\xff\xff\xff\xff\xff\xff\xff\xff\xff\xff\xff\xff\xff\xff\xff\xff\xff\xff\xff\xff\xff\xff\xff\xff\xff\xff\xff\xff\xff\xff\xff\xff\xff\xff\xff\xff\xff\xff\xff\xff\xff\xff\xff\xff\xff\xff\xff\xff\xff\xff\xff\xff\xff\xff\xff\xff\xff\xff\xff\xff\xff\xff\xff\xff\xff\xff\xff\xff\xff\xff\xff\xff\xff\xff\xff\xff\xff\xff\xff\xff\xff\xff\xff\xff\xff\xff\xff\xff\xff\xff\xff\xff\xff\xff\xff\xff\xff\xff\xff\xff\xff\xff\xff\xff\xff\xff\xff\xff\xff\xbe\x19___\xff\xff\xff\xff\xca\x19___\xca\x19___\xb7\x19___\xb7\x19___\xc5\x19___\xb3\x19___\xd1\x19___\xbe\x19___\xb3\x19___\xca\x19___\xb7\x19___\xc5\x19___\xb3\x19___\xd1\x19___\xdb\x19___\xec\x19___\xa5\x19___\xa5\x19___\xa5\x19___\xf5\x19___\xff\xff\xff\xff\xff\xff\xff\xff\xff\xff\xff\xff\xff\xff\xff\xff\xff\xff\xff\xff\xff\xff\xff\xff\xff\xff\xff\xff\xff\xff\xff\xff\xff\xff\xff\xff\xff\xff\xff\xff\xff\xff\xff\xff\xff\xff\xff\xff\xff\xff\xff\xff\xff\xff\xff\xff\xff\xff\xff\xff\xff\xff\xff\xff\xff\xff\xff\xff\xff\xff\xff\xff\xff\xff\xff\xff\xff\xff\xff\xff\xff\xff\xff\xff\xff\xff\xff\xff\xff\xff\xff\xff\xff\xff\xff\xff\xff\xff\xff\xff\xff\xff\xff\xff\xff\xff\xff\xff\xff\xff\xff\xff\xff\xff\xff\xff\xff\xff\xff\xff\xff\xff\xff\xff\xff\xff\xff\xff\xff\xff\xff\xff\xff\xff\xff\xff\xff\xff\xff\xff\xff\xff\xff\xff\xff\xff\xff\xff\xff\xff\xff\xff\xff\xff\xff\xff\xff\xff\xff\xff\xff\xff\xff\xff\xff\xff\xff\xff\xff\xff\xff\xff\xff\xff\xff\xff\xff\xff\xff\xff\xff\xff\xff\xffi\x06___\xff\xff\xff\xff\x92\x06___\x92\x06___R\x06___R\x06___{\x06___>\x06___\xaf\x06___i\x06___>\x06___\x92\x06___R\x06___{\x06___>\x06___\xaf\x06___\x16\x1a___\'\x1a___\x08\x1a___\x08\x1a___\x08\x1a___0\x1a___\xff\xff\xff\xff\xff\xff\xff\xff\xff\xff\xff\xff\xff\xff\xff\xff\xff\xff\xff\xff\xff\xff\xff\xff\xff\xff\xff\xff\xff\xff\xff\xff\xff\xff\xff\xff\xff\xff\xff\xff\xff\xff\xff\xff\xff\xff\xff\xff\xff\xff\xff\xff\xff\xff\xff\xff\xff\xff\xff\xff\xff\xff\xff\xff\xff\xff\xff\xff\xff\xff\xff\xff\xff\xff\xff\xff\xff\xff\xff\xff\xff\xff\xff\xff\xff\xff\xff\xff\xff\xff\xff\xff\xff\xff\xff\xff\xff\xff\xff\xff\xff\xff\xff\xff\xff\xff\xff\xff\xff\xff\xff\xff\xff\xff\xff\xff\xff\xff\xff\xff\xff\xff\xff\xff\xff\xff\xff\xff\xff\xff\xff\xff\xff\xff\xff\xff\xff\xff\xff\xff\xff\xff\xff\xff\xff\xff\xff\xff\xff\xff\xff\xff\xff\xff\xff\xff\xff\xff\xff\xff\xff\xff\xff\xff\xff\xff\xff\xff\xff\xff\xff\xff\xff\xff\xff\xff\xff\xff\xff\xff\xff\xff\xff\xff\xa2\x07___\xff\xff\xff\xff\xaa\x07___\xaa\x07___\x9b\x07___\x9b\x07___\xaa\x07___\x96\x07___\xb0\x07___\xa2\x07___\x96\x07___\xaa\x07___\x9b\x07___\xaa\x07___\x96\x07___\xb0\x07___Y\x1a___j\x1a___K\x1a___K\x1a___K\x1a___s\x1a___\xff\xff\xff\xff\xff\xff\xff\xff\xff\xff\xff\xff\xff\xff\xff\xff\xff\xff\xff\xff\xff\xff\xff\xff\xff\xff\xff\xff\xff\xff\xff\xff\xff\xff\xff\xff\xff\xff\xff\xff\xff\xff\xff\xff\xff\xff\xff\xff\xff\xff\xff\xff\xff\xff\xff\xff\xff\xff\xff\xff\xff\xff\xff\xff\xff\xff\xff\xff\xff\xff\xff\xff\xff\xff\xff\xff\xff\xff\xff\xff\xff\xff\xff\xff\xff\xff\xff\xff\xff\xff\xff\xff\xff\xff\xff\xff\xff\xff\xff\xff\xff\xff\xff\xff\xff\xff\xff\xff\xff\xff\xff\xff\xff\xff\xff\xff\xff\xff\xff\xff\xff\xff\xff\xff\xff\xff\xff\xff\xff\xff\xff\xff\xff\xff\xff\xff\xff\xff\xff\xff\xff\xff\xff\xff\xff\xff\xff\xff\xff\xff\xff\xff\xff\xff\xff\xff\xff\xff\xff\xff\xff\xff\xff\xff\xff\xff\xff\xff\xff\xff\xff\xff\xff\xff\xff\xff\xff\xff\xff\xff\xff\xff\xff\xff\xbe\x19___\xff\xff\xff\xff\xca\x19___\xca\x19___\xb7\x19___\xb7\x19___\xc5\x19___\xb3\x19___\xd1\x19___\xbe\x19___\xb3\x19___\xca\x19___\xb7\x19___\xc5\x19___\xb3\x19___\xd1\x19___\x97\x1a___\xa8\x1a___\x89\x1a___\x89\x1a___\x89\x1a___\xb1\x1a___\xff\xff\xff\xff\xff\xff\xff\xff\xff\xff\xff\xff\xff\xff\xff\xff\xff\xff\xff\xff\xff\xff\xff\xff\xff\xff\xff\xff\xff\xff\xff\xff\xff\xff\xff\xff\xff\xff\xff\xff\xff\xff\xff\xff\xff\xff\xff\xff\xff\xff\xff\xff\xff\xff\xff\xff\xff\xff\xff\xff\xff\xff\xff\xff\xff\xff\xff\xff\xff\xff\xff\xff\xff\xff\xff\xff\xff\xff\xff\xff\xff\xff\xff\xff\xff\xff\xff\xff\xff\xff\xff\xff\xff\xff\xff\xff\xff\xff\xff\xff\xff\xff\xff\xff\xff\xff\xff\xff\xff\xff\xff\xff\xff\xff\xff\xff\xff\xff\xff\xff\xff\xff\xff\xff\xff\xff\xff\xff\xff\xff\xff\xff\xff\xff\xff\xff\xff\xff\xff\xff\xff\xff\xff\xff\xff\xff\xff\xff\xff\xff\xff\xff\xff\xff\xff\xff\xff\xff\xff\xff\xff\xff\xff\xff\xff\xff\xff\xff\xff\xff\xff\xff\xff\xff\xff\xff\xff\xff\xff\xff\xff\xff\xff\xff\xa2\x07___\xff\xff\xff\xff\xaa\x07___\xaa\x07___\x9b\x07___\x9b\x07___\xaa\x07___\x96\x07___\xb0\x07___\xa2\x07___\x96\x07___\xaa\x07___\x9b\x07___\xaa\x07___\x96\x07___\xb0\x07___\xd2\x1a___\xe3\x1a___\xc4\x1a___\xc4\x1a___\xc4\x1a___\xec\x1a___\xff\xff\xff\xff\xff\xff\xff\xff\xff\xff\xff\xff\xff\xff\xff\xff\xff\xff\xff\xff\xff\xff\xff\xff\xff\xff\xff\xff\xff\xff\xff\xff\xff\xff\xff\xff\xff\xff\xff\xff\xff\xff\xff\xff\xff\xff\xff\xff\xff\xff\xff\xff\xff\xff\xff\xff\xff\xff\xff\xff\xff\xff\xff\xff\xff\xff\xff\xff\xff\xff\xff\xff\xff\xff\xff\xff\xff\xff\xff\xff\xff\xff\xff\xff\xff\xff\xff\xff\xff\xff\xff\xff\xff\xff\xff\xff\xff\xff\xff\xff\xff\xff\xff\xff\xff\xff\xff\xff\xff\xff\xff\xff\xff\xff\xff\xff\xff\xff\xff\xff\xff\xff\xff\xff\xff\xff\xff\xff\xff\xff\xff\xff\xff\xff\xff\xff\xff\xff\xff\xff\xff\xff\xff\xff\xff\xff\xff\xff\xff\xff\xff\xff\xff\xff\xff\xff\xff\xff\xff\xff\xff\xff\xff\xff\xff\xff\xff\xff\xff\xff\xff\xff\xff\xff\xff\xff\xff\xff\xff\xff\xff\xff\xff\xff@\x1b___\xff\xff\xff\xffm\x1b___m\x1b___!\x1b___!\x1b___O\x1b___\x13\x1b___\x8a\x1b___@\x1b___\x13\x1b___m\x1b___!\x1b___O\x1b___\x13\x1b___\x8a\x1b___\xa2\x1b___\xb3\x1b___\x05\x1b___\x05\x1b___\x05\x1b___\xff\xff\xff\xff\xff\xff\xff\xff\xff\xff\xff\xff\xff\xff\xff\xff\xff\xff\xff\xff\xff\xff\xff\xff\xff\xff\xff\xff\xff\xff\xff\xff\xff\xff\xff\xff\xff\xff\xff\xff\xff\xff\xff\xff\xff\xff\xff\xff\xff\xff\xff\xff\xff\xff\xff\xff\xff\xff\xff\xff\xff\xff\xff\xff\xff\xff\xff\xff\xff\xff\xff\xff\xff\xff\xff\xff\xff\xff\xff\xff\xff\xff\xff\xff\xff\xff\xff\xff\xff\xff\xff\xff\xff\xff\xff\xff\xff\xff\xff\xff\xff\xff\xff\xff\xff\xff\xff\xff\xff\xff\xff\xff\xff\xff\xff\xff\xff\xff\xff\xff\xff\xff\xff\xff\xff\xff\xff\xff\xff\xff\xff\xff\xff\xff\xff\xff\xff\xff\xff\xff\xff\xff\xff\xff\xff\xff\xff\xff\xff\xff\xff\xff\xff\xff\xff\xff\xff\xff\xff\xff\xff\xff\xff\xff\xff\xff\xff\xff\xff\xff\xff\xff\xff\xff\xff\xff\xff\xff\xff\xff\xff\xff\xff\xff\xff\xff\xff\xff\xbe\x19___\xff\xff\xff\xff\xca\x19___\xca\x19___\xb7\x19___\xb7\x19___\xc5\x19___\xb3\x19___\xd1\x19___\xbe\x19___\xb3\x19___\xca\x19___\xb7\x19___\xc5\x19___\xb3\x19___\xd1\x19___\xcd\x1b___\xde\x1b___\xbf\x1b___\xbf\x1b___\xbf\x1b___\xe7\x1b___\xff\xff\xff\xff\xff\xff\xff\xff\xff\xff\xff\xff\xff\xff\xff\xff\xff\xff\xff\xff\xff\xff\xff\xff\xff\xff\xff\xff\xff\xff\xff\xff\xff\xff\xff\xff\xff\xff\xff\xff\xff\xff\xff\xff\xff\xff\xff\xff\xff\xff\xff\xff\xff\xff\xff\xff\xff\xff\xff\xff\xff\xff\xff\xff\xff\xff\xff\xff\xff\xff\xff\xff\xff\xff\xff\xff\xff\xff\xff\xff\xff\xff\xff\xff\xff\xff\xff\xff\xff\xff\xff\xff\xff\xff\xff\xff\xff\xff\xff\xff\xff\xff\xff\xff\xff\xff\xff\xff\xff\xff\xff\xff\xff\xff\xff\xff\xff\xff\xff\xff\xff\xff\xff\xff\xff\xff\xff\xff\xff\xff\xff\xff\xff\xff\xff\xff\xff\xff\xff\xff\xff\xff\xff\xff\xff\xff\xff\xff\xff\xff\xff\xff\xff\xff\xff\xff\xff\xff\xff\xff\xff\xff\xff\xff\xff\xff\xff\xff\xff\xff\xff\xff\xff\xff\xff\xff\xff\xff\xff\xff\xff\xff\xff\xffz\x12___\xff\xff\xff\xff\x97\x12___\x97\x12___j\x12___j\x12___\x87\x12___]\x12___\xa5\x12___z\x12___]\x12___\x97\x12___j\x12___\x87\x12___]\x12___\xa5\x12___\x04\x1c___\x15\x1c___\xf6\x1b___\xf6\x1b___\xf6\x1b___\x1e\x1c___\xff\xff\xff\xff\xff\xff\xff\xff\xff\xff\xff\xff\xff\xff\xff\xff\xff\xff\xff\xff\xff\xff\xff\xff\xff\xff\xff\xff\xff\xff\xff\xff\xff\xff\xff\xff\xff\xff\xff\xff\xff\xff\xff\xff\xff\xff\xff\xff\xff\xff\xff\xff\xff\xff\xff\xff\xff\xff\xff\xff\xff\xff\xff\xff\xff\xff\xff\xff\xff\xff\xff\xff\xff\xff\xff\xff\xff\xff\xff\xff\xff\xff\xff\xff\xff\xff\xff\xff\xff\xff\xff\xff\xff\xff\xff\xff\xff\xff\xff\xff\xff\xff\xff\xff\xff\xff\xff\xff\xff\xff\xff\xff\xff\xff\xff\xff\xff\xff\xff\xff\xff\xff\xff\xff\xff\xff\xff\xff\xff\xff\xff\xff\xff\xff\xff\xff\xff\xff\xff\xff\xff\xff\xff\xff\xff\xff\xff\xff\xff\xff\xff\xff\xff\xff\xff\xff\xff\xff\xff\xff\xff\xff\xff\xff\xff\xff\xff\xff\xff\xff\xff\xff\xff\xff\xff\xff\xff\xff\xff\xff\xff\xff\xff\xff\xa2\x07___\xff\xff\xff\xff\xaa\x07___\xaa\x07___\x9b\x07___\x9b\x07___\xaa\x07___\x96\x07___\xb0\x07___\xa2\x07___\x96\x07___\xaa\x07___\x9b\x07___\xaa\x07___\x96\x07___\xb0\x07___A\x1c___R\x1c___3\x1c___3\x1c___3\x1c___[\x1c___\xff\xff\xff\xff\xff\xff\xff\xff\xff\xff\xff\xff\xff\xff\xff\xff\xff\xff\xff\xff\xff\xff\xff\xff\xff\xff\xff\xff\xff\xff\xff\xff\xff\xff\xff\xff\xff\xff\xff\xff"
